image_name;label
donanimHaber-0.jpeg;3
donanimHaber-1.jpeg;3
donanimHaber-10.jpeg;3
donanimHaber-100.jpeg;3
donanimHaber-101.jpeg;3
donanimHaber-102.jpeg;3
donanimHaber-103.jpeg;3
donanimHaber-104.jpeg;3
donanimHaber-105.jpeg;3
donanimHaber-106.jpeg;3
donanimHaber-107.jpeg;3
donanimHaber-108.jpeg;3
donanimHaber-109.jpeg;3
donanimHaber-11.jpeg;3
donanimHaber-110.jpeg;3
donanimHaber-111.jpeg;3
donanimHaber-112.jpeg;3
donanimHaber-113.jpeg;3
donanimHaber-114.jpeg;3
donanimHaber-115.jpeg;3
donanimHaber-116.jpeg;3
donanimHaber-117.jpeg;3
donanimHaber-118.jpeg;3
donanimHaber-119.jpeg;3
donanimHaber-12.jpeg;3
donanimHaber-120.jpeg;3
donanimHaber-121.jpeg;3
donanimHaber-122.jpeg;3
donanimHaber-123.jpeg;3
donanimHaber-124.jpeg;3
donanimHaber-125.jpeg;3
donanimHaber-126.jpeg;3
donanimHaber-127.jpeg;3
donanimHaber-128.jpeg;3
donanimHaber-129.jpeg;3
donanimHaber-13.jpeg;3
donanimHaber-130.jpeg;3
donanimHaber-131.jpeg;3
donanimHaber-132.jpeg;3
donanimHaber-133.jpeg;3
donanimHaber-134.jpeg;3
donanimHaber-135.jpeg;3
donanimHaber-136.jpeg;3
donanimHaber-137.jpeg;3
donanimHaber-138.jpeg;3
donanimHaber-139.jpeg;3
donanimHaber-14.jpeg;3
donanimHaber-140.jpeg;3
donanimHaber-141.jpeg;3
donanimHaber-142.jpeg;3
donanimHaber-143.jpeg;3
donanimHaber-144.jpeg;3
donanimHaber-145.jpeg;3
donanimHaber-146.jpeg;3
donanimHaber-147.jpeg;3
donanimHaber-148.jpeg;3
donanimHaber-149.jpeg;3
donanimHaber-15.jpeg;3
donanimHaber-150.jpeg;3
donanimHaber-151.jpeg;3
donanimHaber-152.jpeg;3
donanimHaber-153.jpeg;3
donanimHaber-154.jpeg;3
donanimHaber-155.jpeg;3
donanimHaber-156.jpeg;3
donanimHaber-157.jpeg;3
donanimHaber-158.jpeg;3
donanimHaber-159.jpeg;3
donanimHaber-16.jpeg;3
donanimHaber-160.jpeg;3
donanimHaber-161.jpeg;3
donanimHaber-162.jpeg;3
donanimHaber-163.jpeg;3
donanimHaber-164.jpeg;3
donanimHaber-165.jpeg;3
donanimHaber-166.jpeg;3
donanimHaber-167.jpeg;3
donanimHaber-168.jpeg;3
donanimHaber-169.jpeg;3
donanimHaber-17.jpeg;3
donanimHaber-170.jpeg;3
donanimHaber-171.jpeg;3
donanimHaber-172.jpeg;3
donanimHaber-173.jpeg;3
donanimHaber-174.jpeg;3
donanimHaber-175.jpeg;3
donanimHaber-176.jpeg;3
donanimHaber-177.jpeg;3
donanimHaber-178.jpeg;3
donanimHaber-179.jpeg;3
donanimHaber-18.jpeg;3
donanimHaber-180.jpeg;3
donanimHaber-181.jpeg;3
donanimHaber-182.jpeg;3
donanimHaber-183.jpeg;3
donanimHaber-184.jpeg;3
donanimHaber-185.jpeg;3
donanimHaber-186.jpeg;3
donanimHaber-187.jpeg;3
donanimHaber-188.jpeg;3
donanimHaber-189.jpeg;3
donanimHaber-19.jpeg;3
donanimHaber-190.jpeg;3
donanimHaber-191.jpeg;3
donanimHaber-192.jpeg;3
donanimHaber-193.jpeg;3
donanimHaber-194.jpeg;3
donanimHaber-195.jpeg;3
donanimHaber-196.jpeg;3
donanimHaber-197.jpeg;3
donanimHaber-198.jpeg;3
donanimHaber-199.jpeg;3
donanimHaber-2.jpeg;3
donanimHaber-20.jpeg;3
donanimHaber-200.jpeg;3
donanimHaber-201.jpeg;3
donanimHaber-202.jpeg;3
donanimHaber-203.jpeg;3
donanimHaber-204.jpeg;3
donanimHaber-205.jpeg;3
donanimHaber-206.jpeg;3
donanimHaber-207.jpeg;3
donanimHaber-208.jpeg;3
donanimHaber-209.jpeg;3
donanimHaber-21.jpeg;3
donanimHaber-210.jpeg;3
donanimHaber-211.jpeg;3
donanimHaber-212.jpeg;3
donanimHaber-213.jpeg;3
donanimHaber-214.jpeg;3
donanimHaber-215.jpeg;3
donanimHaber-216.jpeg;3
donanimHaber-217.jpeg;3
donanimHaber-218.jpeg;3
donanimHaber-219.jpeg;3
donanimHaber-22.jpeg;3
donanimHaber-220.jpeg;3
donanimHaber-221.jpeg;3
donanimHaber-222.jpeg;3
donanimHaber-223.jpeg;3
donanimHaber-224.jpeg;3
donanimHaber-225.jpeg;3
donanimHaber-226.jpeg;3
donanimHaber-227.jpeg;3
donanimHaber-228.jpeg;3
donanimHaber-229.jpeg;3
donanimHaber-23.jpeg;3
donanimHaber-230.jpeg;3
donanimHaber-231.jpeg;3
donanimHaber-232.jpeg;3
donanimHaber-233.jpeg;3
donanimHaber-234.jpeg;3
donanimHaber-235.jpeg;3
donanimHaber-236.jpeg;3
donanimHaber-237.jpeg;3
donanimHaber-238.jpeg;3
donanimHaber-239.jpeg;3
donanimHaber-24.jpeg;3
donanimHaber-240.jpeg;3
donanimHaber-241.jpeg;3
donanimHaber-242.jpeg;3
donanimHaber-243.jpeg;3
donanimHaber-244.jpeg;3
donanimHaber-245.jpeg;3
donanimHaber-246.jpeg;3
donanimHaber-247.jpeg;3
donanimHaber-248.jpeg;3
donanimHaber-249.jpeg;3
donanimHaber-25.jpeg;3
donanimHaber-250.jpeg;3
donanimHaber-251.jpeg;3
donanimHaber-252.jpeg;3
donanimHaber-253.jpeg;3
donanimHaber-254.jpeg;3
donanimHaber-255.jpeg;3
donanimHaber-256.jpeg;3
donanimHaber-257.jpeg;3
donanimHaber-258.jpeg;3
donanimHaber-259.jpeg;3
donanimHaber-26.jpeg;3
donanimHaber-260.jpeg;3
donanimHaber-261.jpeg;3
donanimHaber-262.jpeg;3
donanimHaber-263.jpeg;3
donanimHaber-264.jpeg;3
donanimHaber-265.jpeg;3
donanimHaber-266.jpeg;3
donanimHaber-267.jpeg;3
donanimHaber-268.jpeg;3
donanimHaber-269.jpeg;3
donanimHaber-27.jpeg;3
donanimHaber-270.jpeg;3
donanimHaber-271.jpeg;3
donanimHaber-272.jpeg;3
donanimHaber-273.jpeg;3
donanimHaber-274.jpeg;3
donanimHaber-275.jpeg;3
donanimHaber-276.jpeg;3
donanimHaber-277.jpeg;3
donanimHaber-278.jpeg;3
donanimHaber-279.jpeg;3
donanimHaber-28.jpeg;3
donanimHaber-280.jpeg;3
donanimHaber-281.jpeg;3
donanimHaber-282.jpeg;3
donanimHaber-283.jpeg;3
donanimHaber-284.jpeg;3
donanimHaber-285.jpeg;3
donanimHaber-286.jpeg;3
donanimHaber-287.jpeg;3
donanimHaber-288.jpeg;3
donanimHaber-289.jpeg;3
donanimHaber-29.jpeg;3
donanimHaber-290.jpeg;3
donanimHaber-291.jpeg;3
donanimHaber-292.jpeg;3
donanimHaber-293.jpeg;3
donanimHaber-294.jpeg;3
donanimHaber-295.jpeg;3
donanimHaber-296.jpeg;3
donanimHaber-297.jpeg;3
donanimHaber-298.jpeg;3
donanimHaber-299.jpeg;3
donanimHaber-3.jpeg;3
donanimHaber-30.jpeg;3
donanimHaber-300.jpeg;3
donanimHaber-301.jpeg;3
donanimHaber-302.jpeg;3
donanimHaber-303.jpeg;3
donanimHaber-304.jpeg;3
donanimHaber-305.jpeg;3
donanimHaber-306.jpeg;3
donanimHaber-307.jpeg;3
donanimHaber-308.jpeg;3
donanimHaber-309.jpeg;3
donanimHaber-31.jpeg;3
donanimHaber-310.jpeg;3
donanimHaber-311.jpeg;3
donanimHaber-312.jpeg;3
donanimHaber-313.jpeg;3
donanimHaber-314.jpeg;3
donanimHaber-315.jpeg;3
donanimHaber-316.jpeg;3
donanimHaber-317.jpeg;3
donanimHaber-318.jpeg;3
donanimHaber-319.jpeg;3
donanimHaber-32.jpeg;3
donanimHaber-320.jpeg;3
donanimHaber-321.jpeg;3
donanimHaber-322.jpeg;3
donanimHaber-323.jpeg;3
donanimHaber-324.jpeg;3
donanimHaber-325.jpeg;3
donanimHaber-326.jpeg;3
donanimHaber-328.jpeg;3
donanimHaber-329.jpeg;3
donanimHaber-33.jpeg;3
donanimHaber-330.jpeg;3
donanimHaber-331.jpeg;3
donanimHaber-332.jpeg;3
donanimHaber-333.jpeg;3
donanimHaber-334.jpeg;3
donanimHaber-335.jpeg;3
donanimHaber-336.jpeg;3
donanimHaber-337.jpeg;3
donanimHaber-338.jpeg;3
donanimHaber-339.jpeg;3
donanimHaber-34.jpeg;3
donanimHaber-340.jpeg;3
donanimHaber-341.jpeg;3
donanimHaber-342.jpeg;3
donanimHaber-343.jpeg;3
donanimHaber-344.jpeg;3
donanimHaber-345.jpeg;3
donanimHaber-346.jpeg;3
donanimHaber-347.jpeg;3
donanimHaber-348.jpeg;3
donanimHaber-349.jpeg;3
donanimHaber-35.jpeg;3
donanimHaber-350.jpeg;3
donanimHaber-351.jpeg;3
donanimHaber-352.jpeg;3
donanimHaber-353.jpeg;3
donanimHaber-354.jpeg;3
donanimHaber-355.jpeg;3
donanimHaber-356.jpeg;3
donanimHaber-357.jpeg;3
donanimHaber-358.jpeg;3
donanimHaber-359.jpeg;3
donanimHaber-36.jpeg;3
donanimHaber-360.jpeg;3
donanimHaber-361.jpeg;3
donanimHaber-362.jpeg;3
donanimHaber-363.jpeg;3
donanimHaber-364.jpeg;3
donanimHaber-365.jpeg;3
donanimHaber-366.jpeg;3
donanimHaber-367.jpeg;3
donanimHaber-368.jpeg;3
donanimHaber-369.jpeg;3
donanimHaber-37.jpeg;3
donanimHaber-370.jpeg;3
donanimHaber-371.jpeg;3
donanimHaber-372.jpeg;3
donanimHaber-373.jpeg;3
donanimHaber-374.jpeg;3
donanimHaber-375.jpeg;3
donanimHaber-376.jpeg;3
donanimHaber-377.jpeg;3
donanimHaber-378.jpeg;3
donanimHaber-379.jpeg;3
donanimHaber-38.jpeg;3
donanimHaber-380.jpeg;3
donanimHaber-381.jpeg;3
donanimHaber-382.jpeg;3
donanimHaber-383.jpeg;3
donanimHaber-384.jpeg;3
donanimHaber-385.jpeg;3
donanimHaber-386.jpeg;3
donanimHaber-387.jpeg;3
donanimHaber-388.jpeg;3
donanimHaber-389.jpeg;3
donanimHaber-39.jpeg;3
donanimHaber-390.jpeg;3
donanimHaber-391.jpeg;3
donanimHaber-392.jpeg;3
donanimHaber-393.jpeg;3
donanimHaber-394.jpeg;3
donanimHaber-395.jpeg;3
donanimHaber-396.jpeg;3
donanimHaber-397.jpeg;3
donanimHaber-398.jpeg;3
donanimHaber-399.jpeg;3
donanimHaber-4.jpeg;3
donanimHaber-40.jpeg;3
donanimHaber-400.jpeg;3
donanimHaber-401.jpeg;3
donanimHaber-402.jpeg;3
donanimHaber-403.jpeg;3
donanimHaber-404.jpeg;3
donanimHaber-405.jpeg;3
donanimHaber-406.jpeg;3
donanimHaber-407.jpeg;3
donanimHaber-408.jpeg;3
donanimHaber-409.jpeg;3
donanimHaber-41.jpeg;3
donanimHaber-410.jpeg;3
donanimHaber-411.jpeg;3
donanimHaber-412.jpeg;3
donanimHaber-413.jpeg;3
donanimHaber-414.jpeg;3
donanimHaber-415.jpeg;3
donanimHaber-416.jpeg;3
donanimHaber-417.jpeg;3
donanimHaber-418.jpeg;3
donanimHaber-419.jpeg;3
donanimHaber-42.jpeg;3
donanimHaber-420.jpeg;3
donanimHaber-421.jpeg;3
donanimHaber-422.jpeg;3
donanimHaber-423.jpeg;3
donanimHaber-424.jpeg;3
donanimHaber-425.jpeg;3
donanimHaber-426.jpeg;3
donanimHaber-427.jpeg;3
donanimHaber-428.jpeg;3
donanimHaber-429.jpeg;3
donanimHaber-43.jpeg;3
donanimHaber-430.jpeg;3
donanimHaber-431.jpeg;3
donanimHaber-432.jpeg;3
donanimHaber-433.jpeg;3
donanimHaber-434.jpeg;3
donanimHaber-435.jpeg;3
donanimHaber-436.jpeg;3
donanimHaber-437.jpeg;3
donanimHaber-438.jpeg;3
donanimHaber-439.jpeg;3
donanimHaber-44.jpeg;3
donanimHaber-440.jpeg;3
donanimHaber-441.jpeg;3
donanimHaber-442.jpeg;3
donanimHaber-443.jpeg;3
donanimHaber-444.jpeg;3
donanimHaber-445.jpeg;3
donanimHaber-446.jpeg;3
donanimHaber-447.jpeg;3
donanimHaber-448.jpeg;3
donanimHaber-449.jpeg;3
donanimHaber-45.jpeg;3
donanimHaber-450.jpeg;3
donanimHaber-451.jpeg;3
donanimHaber-452.jpeg;3
donanimHaber-453.jpeg;3
donanimHaber-454.jpeg;3
donanimHaber-455.jpeg;3
donanimHaber-456.jpeg;3
donanimHaber-457.jpeg;3
donanimHaber-458.jpeg;3
donanimHaber-459.jpeg;3
donanimHaber-46.jpeg;3
donanimHaber-460.jpeg;3
donanimHaber-461.jpeg;3
donanimHaber-462.jpeg;3
donanimHaber-463.jpeg;3
donanimHaber-464.jpeg;3
donanimHaber-465.jpeg;3
donanimHaber-466.jpeg;3
donanimHaber-467.jpeg;3
donanimHaber-468.jpeg;3
donanimHaber-469.jpeg;3
donanimHaber-47.jpeg;3
donanimHaber-470.jpeg;3
donanimHaber-471.jpeg;3
donanimHaber-472.jpeg;3
donanimHaber-473.jpeg;3
donanimHaber-474.jpeg;3
donanimHaber-475.jpeg;3
donanimHaber-476.jpeg;3
donanimHaber-477.jpeg;3
donanimHaber-478.jpeg;3
donanimHaber-479.jpeg;3
donanimHaber-48.jpeg;3
donanimHaber-480.jpeg;3
donanimHaber-481.jpeg;3
donanimHaber-482.jpeg;3
donanimHaber-483.jpeg;3
donanimHaber-484.jpeg;3
donanimHaber-485.jpeg;3
donanimHaber-486.jpeg;3
donanimHaber-487.jpeg;3
donanimHaber-488.jpeg;3
donanimHaber-489.jpeg;3
donanimHaber-49.jpeg;3
donanimHaber-490.jpeg;3
donanimHaber-491.jpeg;3
donanimHaber-492.jpeg;3
donanimHaber-493.jpeg;3
donanimHaber-494.jpeg;3
donanimHaber-495.jpeg;3
donanimHaber-496.jpeg;3
donanimHaber-497.jpeg;3
donanimHaber-498.jpeg;3
donanimHaber-499.jpeg;3
donanimHaber-5.jpeg;3
donanimHaber-50.jpeg;3
donanimHaber-500.jpeg;3
donanimHaber-501.jpeg;3
donanimHaber-502.jpeg;3
donanimHaber-503.jpeg;3
donanimHaber-504.jpeg;3
donanimHaber-505.jpeg;3
donanimHaber-506.jpeg;3
donanimHaber-507.jpeg;3
donanimHaber-508.jpeg;3
donanimHaber-509.jpeg;3
donanimHaber-51.jpeg;3
donanimHaber-510.jpeg;3
donanimHaber-511.jpeg;3
donanimHaber-512.jpeg;3
donanimHaber-513.jpeg;3
donanimHaber-514.jpeg;3
donanimHaber-515.jpeg;3
donanimHaber-517.jpeg;3
donanimHaber-518.jpeg;3
donanimHaber-519.jpeg;3
donanimHaber-52.jpeg;3
donanimHaber-520.jpeg;3
donanimHaber-521.jpeg;3
donanimHaber-522.jpeg;3
donanimHaber-523.jpeg;3
donanimHaber-524.jpeg;3
donanimHaber-525.jpeg;3
donanimHaber-526.jpeg;3
donanimHaber-527.jpeg;3
donanimHaber-528.jpeg;3
donanimHaber-529.jpeg;3
donanimHaber-53.jpeg;3
donanimHaber-530.jpeg;3
donanimHaber-531.jpeg;3
donanimHaber-532.jpeg;3
donanimHaber-533.jpeg;3
donanimHaber-534.jpeg;3
donanimHaber-535.jpeg;3
donanimHaber-536.jpeg;3
donanimHaber-537.jpeg;3
donanimHaber-538.jpeg;3
donanimHaber-539.jpeg;3
donanimHaber-54.jpeg;3
donanimHaber-540.jpeg;3
donanimHaber-541.jpeg;3
donanimHaber-542.jpeg;3
donanimHaber-543.jpeg;3
donanimHaber-544.jpeg;3
donanimHaber-545.jpeg;3
donanimHaber-546.jpeg;3
donanimHaber-547.jpeg;3
donanimHaber-548.jpeg;3
donanimHaber-549.jpeg;3
donanimHaber-55.jpeg;3
donanimHaber-550.jpeg;3
donanimHaber-551.jpeg;3
donanimHaber-552.jpeg;3
donanimHaber-553.jpeg;3
donanimHaber-554.jpeg;3
donanimHaber-555.jpeg;3
donanimHaber-556.jpeg;3
donanimHaber-557.jpeg;3
donanimHaber-558.jpeg;3
donanimHaber-559.jpeg;3
donanimHaber-56.jpeg;3
donanimHaber-560.jpeg;3
donanimHaber-561.jpeg;3
donanimHaber-562.jpeg;3
donanimHaber-563.jpeg;3
donanimHaber-564.jpeg;3
donanimHaber-565.jpeg;3
donanimHaber-566.jpeg;3
donanimHaber-567.jpeg;3
donanimHaber-568.jpeg;3
donanimHaber-569.jpeg;3
donanimHaber-57.jpeg;3
donanimHaber-570.jpeg;3
donanimHaber-571.jpeg;3
donanimHaber-572.jpeg;3
donanimHaber-573.jpeg;3
donanimHaber-574.jpeg;3
donanimHaber-575.jpeg;3
donanimHaber-576.jpeg;3
donanimHaber-577.jpeg;3
donanimHaber-578.jpeg;3
donanimHaber-579.jpeg;3
donanimHaber-58.jpeg;3
donanimHaber-580.jpeg;3
donanimHaber-581.jpeg;3
donanimHaber-582.jpeg;3
donanimHaber-583.jpeg;3
donanimHaber-584.jpeg;3
donanimHaber-585.jpeg;3
donanimHaber-586.jpeg;3
donanimHaber-587.jpeg;3
donanimHaber-588.jpeg;3
donanimHaber-589.jpeg;3
donanimHaber-59.jpeg;3
donanimHaber-590.jpeg;3
donanimHaber-591.jpeg;3
donanimHaber-592.jpeg;3
donanimHaber-593.jpeg;3
donanimHaber-594.jpeg;3
donanimHaber-595.jpeg;3
donanimHaber-596.jpeg;3
donanimHaber-597.jpeg;3
donanimHaber-598.jpeg;3
donanimHaber-599.jpeg;3
donanimHaber-6.jpeg;3
donanimHaber-60.jpeg;3
donanimHaber-600.jpeg;3
donanimHaber-601.jpeg;3
donanimHaber-602.jpeg;3
donanimHaber-603.jpeg;3
donanimHaber-604.jpeg;3
donanimHaber-605.jpeg;3
donanimHaber-606.jpeg;3
donanimHaber-607.jpeg;3
donanimHaber-608.jpeg;3
donanimHaber-609.jpeg;3
donanimHaber-61.jpeg;3
donanimHaber-610.jpeg;3
donanimHaber-611.jpeg;3
donanimHaber-612.jpeg;3
donanimHaber-613.jpeg;3
donanimHaber-614.jpeg;3
donanimHaber-615.jpeg;3
donanimHaber-616.jpeg;3
donanimHaber-617.jpeg;3
donanimHaber-618.jpeg;3
donanimHaber-619.jpeg;3
donanimHaber-62.jpeg;3
donanimHaber-620.jpeg;3
donanimHaber-621.jpeg;3
donanimHaber-622.jpeg;3
donanimHaber-623.jpeg;3
donanimHaber-624.jpeg;3
donanimHaber-625.jpeg;3
donanimHaber-626.jpeg;3
donanimHaber-627.jpeg;3
donanimHaber-628.jpeg;3
donanimHaber-629.jpeg;3
donanimHaber-63.jpeg;3
donanimHaber-630.jpeg;3
donanimHaber-631.jpeg;3
donanimHaber-632.jpeg;3
donanimHaber-633.jpeg;3
donanimHaber-634.jpeg;3
donanimHaber-635.jpeg;3
donanimHaber-636.jpeg;3
donanimHaber-637.jpeg;3
donanimHaber-638.jpeg;3
donanimHaber-639.jpeg;3
donanimHaber-64.jpeg;3
donanimHaber-640.jpeg;3
donanimHaber-641.jpeg;3
donanimHaber-642.jpeg;3
donanimHaber-643.jpeg;3
donanimHaber-644.jpeg;3
donanimHaber-645.jpeg;3
donanimHaber-646.jpeg;3
donanimHaber-647.jpeg;3
donanimHaber-648.jpeg;3
donanimHaber-649.jpeg;3
donanimHaber-65.jpeg;3
donanimHaber-650.jpeg;3
donanimHaber-651.jpeg;3
donanimHaber-652.jpeg;3
donanimHaber-653.jpeg;3
donanimHaber-654.jpeg;3
donanimHaber-655.jpeg;3
donanimHaber-656.jpeg;3
donanimHaber-657.jpeg;3
donanimHaber-658.jpeg;3
donanimHaber-659.jpeg;3
donanimHaber-66.jpeg;3
donanimHaber-660.jpeg;3
donanimHaber-661.jpeg;3
donanimHaber-662.jpeg;3
donanimHaber-663.jpeg;3
donanimHaber-664.jpeg;3
donanimHaber-665.jpeg;3
donanimHaber-666.jpeg;3
donanimHaber-667.jpeg;3
donanimHaber-668.jpeg;3
donanimHaber-669.jpeg;3
donanimHaber-67.jpeg;3
donanimHaber-670.jpeg;3
donanimHaber-671.jpeg;3
donanimHaber-672.jpeg;3
donanimHaber-673.jpeg;3
donanimHaber-674.jpeg;3
donanimHaber-675.jpeg;3
donanimHaber-676.jpeg;3
donanimHaber-677.jpeg;3
donanimHaber-678.jpeg;3
donanimHaber-679.jpeg;3
donanimHaber-68.jpeg;3
donanimHaber-680.jpeg;3
donanimHaber-681.jpeg;3
donanimHaber-682.jpeg;3
donanimHaber-683.jpeg;3
donanimHaber-684.jpeg;3
donanimHaber-685.jpeg;3
donanimHaber-686.jpeg;3
donanimHaber-687.jpeg;3
donanimHaber-688.jpeg;3
donanimHaber-689.jpeg;3
donanimHaber-69.jpeg;3
donanimHaber-690.jpeg;3
donanimHaber-691.jpeg;3
donanimHaber-692.jpeg;3
donanimHaber-693.jpeg;3
donanimHaber-694.jpeg;3
donanimHaber-695.jpeg;3
donanimHaber-696.jpeg;3
donanimHaber-697.jpeg;3
donanimHaber-698.jpeg;3
donanimHaber-699.jpeg;3
donanimHaber-7.jpeg;3
donanimHaber-70.jpeg;3
donanimHaber-700.jpeg;3
donanimHaber-701.jpeg;3
donanimHaber-702.jpeg;3
donanimHaber-703.jpeg;3
donanimHaber-704.jpeg;3
donanimHaber-705.jpeg;3
donanimHaber-706.jpeg;3
donanimHaber-707.jpeg;3
donanimHaber-708.jpeg;3
donanimHaber-709.jpeg;3
donanimHaber-71.jpeg;3
donanimHaber-710.jpeg;3
donanimHaber-711.jpeg;3
donanimHaber-712.jpeg;3
donanimHaber-713.jpeg;3
donanimHaber-714.jpeg;3
donanimHaber-715.jpeg;3
donanimHaber-716.jpeg;3
donanimHaber-717.jpeg;3
donanimHaber-718.jpeg;3
donanimHaber-719.jpeg;3
donanimHaber-72.jpeg;3
donanimHaber-720.jpeg;3
donanimHaber-721.jpeg;3
donanimHaber-722.jpeg;3
donanimHaber-723.jpeg;3
donanimHaber-724.jpeg;3
donanimHaber-725.jpeg;3
donanimHaber-726.jpeg;3
donanimHaber-727.jpeg;3
donanimHaber-728.jpeg;3
donanimHaber-729.jpeg;3
donanimHaber-73.jpeg;3
donanimHaber-730.jpeg;3
donanimHaber-731.jpeg;3
donanimHaber-732.jpeg;3
donanimHaber-733.jpeg;3
donanimHaber-734.jpeg;3
donanimHaber-735.jpeg;3
donanimHaber-736.jpeg;3
donanimHaber-737.jpeg;3
donanimHaber-738.jpeg;3
donanimHaber-739.jpeg;3
donanimHaber-74.jpeg;3
donanimHaber-740.jpeg;3
donanimHaber-741.jpeg;3
donanimHaber-742.jpeg;3
donanimHaber-743.jpeg;3
donanimHaber-744.jpeg;3
donanimHaber-745.jpeg;3
donanimHaber-746.jpeg;3
donanimHaber-747.jpeg;3
donanimHaber-748.jpeg;3
donanimHaber-749.jpeg;3
donanimHaber-75.jpeg;3
donanimHaber-750.jpeg;3
donanimHaber-751.jpeg;3
donanimHaber-752.jpeg;3
donanimHaber-753.jpeg;3
donanimHaber-754.jpeg;3
donanimHaber-755.jpeg;3
donanimHaber-756.jpeg;3
donanimHaber-757.jpeg;3
donanimHaber-758.jpeg;3
donanimHaber-759.jpeg;3
donanimHaber-76.jpeg;3
donanimHaber-760.jpeg;3
donanimHaber-761.jpeg;3
donanimHaber-762.jpeg;3
donanimHaber-763.jpeg;3
donanimHaber-764.jpeg;3
donanimHaber-765.jpeg;3
donanimHaber-766.jpeg;3
donanimHaber-767.jpeg;3
donanimHaber-768.jpeg;3
donanimHaber-769.jpeg;3
donanimHaber-77.jpeg;3
donanimHaber-770.jpeg;3
donanimHaber-771.jpeg;3
donanimHaber-772.jpeg;3
donanimHaber-773.jpeg;3
donanimHaber-774.jpeg;3
donanimHaber-775.jpeg;3
donanimHaber-776.jpeg;3
donanimHaber-777.jpeg;3
donanimHaber-778.jpeg;3
donanimHaber-779.jpeg;3
donanimHaber-78.jpeg;3
donanimHaber-780.jpeg;3
donanimHaber-781.jpeg;3
donanimHaber-782.jpeg;3
donanimHaber-783.jpeg;3
donanimHaber-784.jpeg;3
donanimHaber-785.jpeg;3
donanimHaber-786.jpeg;3
donanimHaber-787.jpeg;3
donanimHaber-788.jpeg;3
donanimHaber-789.jpeg;3
donanimHaber-79.jpeg;3
donanimHaber-790.jpeg;3
donanimHaber-791.jpeg;3
donanimHaber-792.jpeg;3
donanimHaber-793.jpeg;3
donanimHaber-794.jpeg;3
donanimHaber-795.jpeg;3
donanimHaber-796.jpeg;3
donanimHaber-797.jpeg;3
donanimHaber-798.jpeg;3
donanimHaber-799.jpeg;3
donanimHaber-8.jpeg;3
donanimHaber-80.jpeg;3
donanimHaber-800.jpeg;3
donanimHaber-801.jpeg;3
donanimHaber-802.jpeg;3
donanimHaber-803.jpeg;3
donanimHaber-804.jpeg;3
donanimHaber-805.jpeg;3
donanimHaber-806.jpeg;3
donanimHaber-807.jpeg;3
donanimHaber-808.jpeg;3
donanimHaber-809.jpeg;3
donanimHaber-81.jpeg;3
donanimHaber-810.jpeg;3
donanimHaber-811.jpeg;3
donanimHaber-812.jpeg;3
donanimHaber-813.jpeg;3
donanimHaber-815.jpeg;3
donanimHaber-816.jpeg;3
donanimHaber-817.jpeg;3
donanimHaber-818.jpeg;3
donanimHaber-819.jpeg;3
donanimHaber-82.jpeg;3
donanimHaber-820.jpeg;3
donanimHaber-821.jpeg;3
donanimHaber-822.jpeg;3
donanimHaber-823.jpeg;3
donanimHaber-824.jpeg;3
donanimHaber-825.jpeg;3
donanimHaber-826.jpeg;3
donanimHaber-827.jpeg;3
donanimHaber-828.jpeg;3
donanimHaber-829.jpeg;3
donanimHaber-83.jpeg;3
donanimHaber-830.jpeg;3
donanimHaber-84.jpeg;3
donanimHaber-85.jpeg;3
donanimHaber-86.jpeg;3
donanimHaber-87.jpeg;3
donanimHaber-88.jpeg;3
donanimHaber-89.jpeg;3
donanimHaber-9.jpeg;3
donanimHaber-90.jpeg;3
donanimHaber-91.jpeg;3
donanimHaber-92.jpeg;3
donanimHaber-93.jpeg;3
donanimHaber-94.jpeg;3
donanimHaber-95.jpeg;3
donanimHaber-96.jpeg;3
donanimHaber-97.jpeg;3
donanimHaber-98.jpeg;3
donanimHaber-99.jpeg;3
eksi-0.jpeg;3
eksi-1.jpeg;3
eksi-10.jpeg;3
eksi-100.jpeg;3
eksi-101.jpeg;3
eksi-102.jpeg;3
eksi-103.jpeg;3
eksi-104.jpeg;3
eksi-105.jpeg;3
eksi-106.jpeg;3
eksi-107.jpeg;3
eksi-108.jpeg;3
eksi-109.jpeg;3
eksi-11.jpeg;3
eksi-110.jpeg;3
eksi-111.jpeg;3
eksi-112.jpeg;3
eksi-113.jpeg;3
eksi-114.jpeg;3
eksi-115.jpeg;3
eksi-116.jpeg;3
eksi-117.jpeg;3
eksi-118.jpeg;3
eksi-119.jpeg;3
eksi-12.jpeg;3
eksi-120.jpeg;3
eksi-121.jpeg;3
eksi-122.jpeg;3
eksi-123.jpeg;3
eksi-124.jpeg;3
eksi-125.jpeg;3
eksi-126.jpeg;3
eksi-127.jpeg;3
eksi-128.jpeg;3
eksi-129.jpeg;3
eksi-13.jpeg;3
eksi-130.jpeg;3
eksi-131.jpeg;3
eksi-132.jpeg;3
eksi-133.jpeg;3
eksi-134.jpeg;3
eksi-135.jpeg;3
eksi-136.jpeg;3
eksi-137.jpeg;3
eksi-138.jpeg;3
eksi-139.jpeg;3
eksi-14.jpeg;3
eksi-140.jpeg;3
eksi-141.jpeg;3
eksi-142.jpeg;3
eksi-143.jpeg;3
eksi-144.jpeg;3
eksi-145.jpeg;3
eksi-146.jpeg;3
eksi-147.jpeg;3
eksi-148.jpeg;3
eksi-149.jpeg;3
eksi-15.jpeg;3
eksi-150.jpeg;3
eksi-151.jpeg;3
eksi-152.jpeg;3
eksi-153.jpeg;3
eksi-154.jpeg;3
eksi-155.jpeg;3
eksi-156.jpeg;3
eksi-157.jpeg;3
eksi-158.jpeg;3
eksi-159.jpeg;3
eksi-16.jpeg;3
eksi-160.jpeg;3
eksi-161.jpeg;3
eksi-162.jpeg;3
eksi-163.jpeg;3
eksi-164.jpeg;3
eksi-165.jpeg;3
eksi-166.jpeg;3
eksi-167.jpeg;3
eksi-168.jpeg;3
eksi-169.jpeg;3
eksi-17.jpeg;3
eksi-170.jpeg;3
eksi-171.jpeg;3
eksi-172.jpeg;3
eksi-173.jpeg;3
eksi-174.jpeg;3
eksi-175.jpeg;3
eksi-176.jpeg;3
eksi-177.jpeg;3
eksi-178.jpeg;3
eksi-179.jpeg;3
eksi-18.jpeg;3
eksi-180.jpeg;3
eksi-181.jpeg;3
eksi-182.jpeg;3
eksi-183.jpeg;3
eksi-184.jpeg;3
eksi-185.jpeg;3
eksi-186.jpeg;3
eksi-187.jpeg;3
eksi-188.jpeg;3
eksi-189.jpeg;3
eksi-19.jpeg;3
eksi-190.jpeg;3
eksi-191.jpeg;3
eksi-192.jpeg;3
eksi-193.jpeg;3
eksi-194.jpeg;3
eksi-195.jpeg;3
eksi-196.jpeg;3
eksi-197.jpeg;3
eksi-198.jpeg;3
eksi-199.jpeg;3
eksi-2.jpeg;3
eksi-20.jpeg;3
eksi-200.jpeg;3
eksi-201.jpeg;3
eksi-202.jpeg;3
eksi-203.jpeg;3
eksi-204.jpeg;3
eksi-205.jpeg;3
eksi-206.jpeg;3
eksi-207.jpeg;3
eksi-208.jpeg;3
eksi-209.jpeg;3
eksi-21.jpeg;3
eksi-210.jpeg;3
eksi-211.jpeg;3
eksi-212.jpeg;3
eksi-213.jpeg;3
eksi-214.jpeg;3
eksi-215.jpeg;3
eksi-216.jpeg;3
eksi-217.jpeg;3
eksi-218.jpeg;3
eksi-219.jpeg;3
eksi-22.jpeg;3
eksi-220.jpeg;3
eksi-221.jpeg;3
eksi-222.jpeg;3
eksi-223.jpeg;3
eksi-224.jpeg;3
eksi-225.jpeg;3
eksi-226.jpeg;3
eksi-227.jpeg;3
eksi-228.jpeg;3
eksi-229.jpeg;3
eksi-23.jpeg;3
eksi-230.jpeg;3
eksi-231.jpeg;3
eksi-232.jpeg;3
eksi-233.jpeg;3
eksi-234.jpeg;3
eksi-235.jpeg;3
eksi-236.jpeg;3
eksi-237.jpeg;3
eksi-238.jpeg;3
eksi-239.jpeg;3
eksi-24.jpeg;3
eksi-240.jpeg;3
eksi-241.jpeg;3
eksi-242.jpeg;3
eksi-243.jpeg;3
eksi-244.jpeg;3
eksi-245.jpeg;3
eksi-246.jpeg;3
eksi-247.jpeg;3
eksi-248.jpeg;3
eksi-249.jpeg;3
eksi-25.jpeg;3
eksi-250.jpeg;3
eksi-251.jpeg;3
eksi-252.jpeg;3
eksi-253.jpeg;3
eksi-254.jpeg;3
eksi-255.jpeg;3
eksi-256.jpeg;3
eksi-257.jpeg;3
eksi-258.jpeg;3
eksi-259.jpeg;3
eksi-26.jpeg;3
eksi-260.jpeg;3
eksi-261.jpeg;3
eksi-262.jpeg;3
eksi-263.jpeg;3
eksi-264.jpeg;3
eksi-265.jpeg;3
eksi-266.jpeg;3
eksi-267.jpeg;3
eksi-268.jpeg;3
eksi-269.jpeg;3
eksi-27.jpeg;3
eksi-270.jpeg;3
eksi-271.jpeg;3
eksi-272.jpeg;3
eksi-273.jpeg;3
eksi-274.jpeg;3
eksi-275.jpeg;3
eksi-276.jpeg;3
eksi-277.jpeg;3
eksi-278.jpeg;3
eksi-279.jpeg;3
eksi-28.jpeg;3
eksi-280.jpeg;3
eksi-281.jpeg;3
eksi-282.jpeg;3
eksi-283.jpeg;3
eksi-284.jpeg;3
eksi-285.jpeg;3
eksi-286.jpeg;3
eksi-287.jpeg;3
eksi-288.jpeg;3
eksi-289.jpeg;3
eksi-29.jpeg;3
eksi-290.jpeg;3
eksi-291.jpeg;3
eksi-292.jpeg;3
eksi-293.jpeg;3
eksi-294.jpeg;3
eksi-295.jpeg;3
eksi-296.jpeg;3
eksi-297.jpeg;3
eksi-298.jpeg;3
eksi-299.jpeg;3
eksi-3.jpeg;3
eksi-30.jpeg;3
eksi-300.jpeg;3
eksi-301.jpeg;3
eksi-302.jpeg;3
eksi-303.jpeg;3
eksi-304.jpeg;3
eksi-305.jpeg;3
eksi-306.jpeg;3
eksi-307.jpeg;3
eksi-308.jpeg;3
eksi-309.jpeg;3
eksi-31.jpeg;3
eksi-310.jpeg;3
eksi-311.jpeg;3
eksi-312.jpeg;3
eksi-313.jpeg;3
eksi-314.jpeg;3
eksi-315.jpeg;3
eksi-316.jpeg;3
eksi-317.jpeg;3
eksi-318.jpeg;3
eksi-319.jpeg;3
eksi-32.jpeg;3
eksi-320.jpeg;3
eksi-321.jpeg;3
eksi-322.jpeg;3
eksi-323.jpeg;3
eksi-324.jpeg;3
eksi-325.jpeg;3
eksi-326.jpeg;3
eksi-327.jpeg;3
eksi-328.jpeg;3
eksi-329.jpeg;3
eksi-33.jpeg;3
eksi-330.jpeg;3
eksi-331.jpeg;3
eksi-332.jpeg;3
eksi-333.jpeg;3
eksi-334.jpeg;3
eksi-335.jpeg;3
eksi-336.jpeg;3
eksi-337.jpeg;3
eksi-338.jpeg;3
eksi-339.jpeg;3
eksi-34.jpeg;3
eksi-340.jpeg;3
eksi-341.jpeg;3
eksi-342.jpeg;3
eksi-343.jpeg;3
eksi-344.jpeg;3
eksi-345.jpeg;3
eksi-346.jpeg;3
eksi-347.jpeg;3
eksi-348.jpeg;3
eksi-349.jpeg;3
eksi-35.jpeg;3
eksi-350.jpeg;3
eksi-351.jpeg;3
eksi-352.jpeg;3
eksi-353.jpeg;3
eksi-354.jpeg;3
eksi-355.jpeg;3
eksi-356.jpeg;3
eksi-357.jpeg;3
eksi-358.jpeg;3
eksi-359.jpeg;3
eksi-36.jpeg;3
eksi-360.jpeg;3
eksi-361.jpeg;3
eksi-362.jpeg;3
eksi-363.jpeg;3
eksi-364.jpeg;3
eksi-365.jpeg;3
eksi-366.jpeg;3
eksi-367.jpeg;3
eksi-368.jpeg;3
eksi-369.jpeg;3
eksi-37.jpeg;3
eksi-370.jpeg;3
eksi-371.jpeg;3
eksi-372.jpeg;3
eksi-373.jpeg;3
eksi-374.jpeg;3
eksi-375.jpeg;3
eksi-376.jpeg;3
eksi-377.jpeg;3
eksi-378.jpeg;3
eksi-379.jpeg;3
eksi-38.jpeg;3
eksi-380.jpeg;3
eksi-381.jpeg;3
eksi-382.jpeg;3
eksi-383.jpeg;3
eksi-384.jpeg;3
eksi-385.jpeg;3
eksi-386.jpeg;3
eksi-387.jpeg;3
eksi-388.jpeg;3
eksi-389.jpeg;3
eksi-39.jpeg;3
eksi-390.jpeg;3
eksi-391.jpeg;3
eksi-392.jpeg;3
eksi-393.jpeg;3
eksi-394.jpeg;3
eksi-395.jpeg;3
eksi-396.jpeg;3
eksi-397.jpeg;3
eksi-398.jpeg;3
eksi-399.jpeg;3
eksi-4.jpeg;3
eksi-40.jpeg;3
eksi-400.jpeg;3
eksi-401.jpeg;3
eksi-402.jpeg;3
eksi-403.jpeg;3
eksi-404.jpeg;3
eksi-405.jpeg;3
eksi-406.jpeg;3
eksi-407.jpeg;3
eksi-408.jpeg;3
eksi-409.jpeg;3
eksi-41.jpeg;3
eksi-410.jpeg;3
eksi-411.jpeg;3
eksi-412.jpeg;3
eksi-413.jpeg;3
eksi-414.jpeg;3
eksi-415.jpeg;3
eksi-416.jpeg;3
eksi-417.jpeg;3
eksi-418.jpeg;3
eksi-419.jpeg;3
eksi-42.jpeg;3
eksi-420.jpeg;3
eksi-421.jpeg;3
eksi-422.jpeg;3
eksi-423.jpeg;3
eksi-424.jpeg;3
eksi-425.jpeg;3
eksi-426.jpeg;3
eksi-427.jpeg;3
eksi-428.jpeg;3
eksi-429.jpeg;3
eksi-43.jpeg;3
eksi-430.jpeg;3
eksi-431.jpeg;3
eksi-432.jpeg;3
eksi-433.jpeg;3
eksi-434.jpeg;3
eksi-435.jpeg;3
eksi-436.jpeg;3
eksi-437.jpeg;3
eksi-438.jpeg;3
eksi-439.jpeg;3
eksi-44.jpeg;3
eksi-440.jpeg;3
eksi-441.jpeg;3
eksi-442.jpeg;3
eksi-443.jpeg;3
eksi-444.jpeg;3
eksi-445.jpeg;3
eksi-446.jpeg;3
eksi-447.jpeg;3
eksi-448.jpeg;3
eksi-449.jpeg;3
eksi-45.jpeg;3
eksi-450.jpeg;3
eksi-451.jpeg;3
eksi-452.jpeg;3
eksi-453.jpeg;3
eksi-454.jpeg;3
eksi-455.jpeg;3
eksi-456.jpeg;3
eksi-457.jpeg;3
eksi-458.jpeg;3
eksi-459.jpeg;3
eksi-46.jpeg;3
eksi-460.jpeg;3
eksi-461.jpeg;3
eksi-462.jpeg;3
eksi-463.jpeg;3
eksi-464.jpeg;3
eksi-465.jpeg;3
eksi-466.jpeg;3
eksi-467.jpeg;3
eksi-468.jpeg;3
eksi-469.jpeg;3
eksi-47.jpeg;3
eksi-470.jpeg;3
eksi-471.jpeg;3
eksi-472.jpeg;3
eksi-473.jpeg;3
eksi-474.jpeg;3
eksi-475.jpeg;3
eksi-476.jpeg;3
eksi-477.jpeg;3
eksi-478.jpeg;3
eksi-479.jpeg;3
eksi-48.jpeg;3
eksi-480.jpeg;3
eksi-481.jpeg;3
eksi-482.jpeg;3
eksi-483.jpeg;3
eksi-484.jpeg;3
eksi-485.jpeg;3
eksi-486.jpeg;3
eksi-487.jpeg;3
eksi-488.jpeg;3
eksi-489.jpeg;3
eksi-49.jpeg;3
eksi-490.jpeg;3
eksi-491.jpeg;3
eksi-492.jpeg;3
eksi-493.jpeg;3
eksi-494.jpeg;3
eksi-495.jpeg;3
eksi-496.jpeg;3
eksi-497.jpeg;3
eksi-498.jpeg;3
eksi-499.jpeg;3
eksi-5.jpeg;3
eksi-50.jpeg;3
eksi-500.jpeg;3
eksi-501.jpeg;3
eksi-502.jpeg;3
eksi-503.jpeg;3
eksi-504.jpeg;3
eksi-505.jpeg;3
eksi-506.jpeg;3
eksi-507.jpeg;3
eksi-508.jpeg;3
eksi-509.jpeg;3
eksi-51.jpeg;3
eksi-510.jpeg;3
eksi-511.jpeg;3
eksi-512.jpeg;3
eksi-513.jpeg;3
eksi-514.jpeg;3
eksi-515.jpeg;3
eksi-516.jpeg;3
eksi-517.jpeg;3
eksi-518.jpeg;3
eksi-519.jpeg;3
eksi-52.jpeg;3
eksi-520.jpeg;3
eksi-521.jpeg;3
eksi-522.jpeg;3
eksi-523.jpeg;3
eksi-524.jpeg;3
eksi-525.jpeg;3
eksi-526.jpeg;3
eksi-527.jpeg;3
eksi-528.jpeg;3
eksi-529.jpeg;3
eksi-53.jpeg;3
eksi-530.jpeg;3
eksi-531.jpeg;3
eksi-532.jpeg;3
eksi-533.jpeg;3
eksi-534.jpeg;3
eksi-535.jpeg;3
eksi-536.jpeg;3
eksi-537.jpeg;3
eksi-538.jpeg;3
eksi-539.jpeg;3
eksi-54.jpeg;3
eksi-540.jpeg;3
eksi-541.jpeg;3
eksi-542.jpeg;3
eksi-543.jpeg;3
eksi-544.jpeg;3
eksi-545.jpeg;3
eksi-546.jpeg;3
eksi-547.jpeg;3
eksi-548.jpeg;3
eksi-549.jpeg;3
eksi-55.jpeg;3
eksi-550.jpeg;3
eksi-551.jpeg;3
eksi-552.jpeg;3
eksi-553.jpeg;3
eksi-554.jpeg;3
eksi-555.jpeg;3
eksi-556.jpeg;3
eksi-557.jpeg;3
eksi-558.jpeg;3
eksi-559.jpeg;3
eksi-56.jpeg;3
eksi-560.jpeg;3
eksi-561.jpeg;3
eksi-562.jpeg;3
eksi-563.jpeg;3
eksi-564.jpeg;3
eksi-565.jpeg;3
eksi-566.jpeg;3
eksi-567.jpeg;3
eksi-568.jpeg;3
eksi-569.jpeg;3
eksi-57.jpeg;3
eksi-570.jpeg;3
eksi-571.jpeg;3
eksi-572.jpeg;3
eksi-573.jpeg;3
eksi-574.jpeg;3
eksi-575.jpeg;3
eksi-576.jpeg;3
eksi-577.jpeg;3
eksi-578.jpeg;3
eksi-579.jpeg;3
eksi-58.jpeg;3
eksi-580.jpeg;3
eksi-581.jpeg;3
eksi-582.jpeg;3
eksi-583.jpeg;3
eksi-584.jpeg;3
eksi-585.jpeg;3
eksi-586.jpeg;3
eksi-587.jpeg;3
eksi-588.jpeg;3
eksi-589.jpeg;3
eksi-59.jpeg;3
eksi-590.jpeg;3
eksi-591.jpeg;3
eksi-592.jpeg;3
eksi-593.jpeg;3
eksi-594.jpeg;3
eksi-595.jpeg;3
eksi-596.jpeg;3
eksi-597.jpeg;3
eksi-598.jpeg;3
eksi-599.jpeg;3
eksi-6.jpeg;3
eksi-60.jpeg;3
eksi-600.jpeg;3
eksi-601.jpeg;3
eksi-602.jpeg;3
eksi-603.jpeg;3
eksi-604.jpeg;3
eksi-605.jpeg;3
eksi-606.jpeg;3
eksi-607.jpeg;3
eksi-608.jpeg;3
eksi-609.jpeg;3
eksi-61.jpeg;3
eksi-610.jpeg;3
eksi-611.jpeg;3
eksi-612.jpeg;3
eksi-613.jpeg;3
eksi-614.jpeg;3
eksi-615.jpeg;3
eksi-616.jpeg;3
eksi-617.jpeg;3
eksi-618.jpeg;3
eksi-619.jpeg;3
eksi-62.jpeg;3
eksi-620.jpeg;3
eksi-621.jpeg;3
eksi-622.jpeg;3
eksi-623.jpeg;3
eksi-624.jpeg;3
eksi-625.jpeg;3
eksi-626.jpeg;3
eksi-627.jpeg;3
eksi-628.jpeg;3
eksi-629.jpeg;3
eksi-63.jpeg;3
eksi-630.jpeg;3
eksi-631.jpeg;3
eksi-632.jpeg;3
eksi-633.jpeg;3
eksi-634.jpeg;3
eksi-635.jpeg;3
eksi-636.jpeg;3
eksi-637.jpeg;3
eksi-638.jpeg;3
eksi-639.jpeg;3
eksi-64.jpeg;3
eksi-640.jpeg;3
eksi-641.jpeg;3
eksi-642.jpeg;3
eksi-643.jpeg;3
eksi-644.jpeg;3
eksi-645.jpeg;3
eksi-646.jpeg;3
eksi-647.jpeg;3
eksi-648.jpeg;3
eksi-649.jpeg;3
eksi-65.jpeg;3
eksi-650.jpeg;3
eksi-651.jpeg;3
eksi-652.jpeg;3
eksi-653.jpeg;3
eksi-654.jpeg;3
eksi-655.jpeg;3
eksi-656.jpeg;3
eksi-657.jpeg;3
eksi-658.jpeg;3
eksi-659.jpeg;3
eksi-66.jpeg;3
eksi-660.jpeg;3
eksi-661.jpeg;3
eksi-662.jpeg;3
eksi-663.jpeg;3
eksi-664.jpeg;3
eksi-665.jpeg;3
eksi-666.jpeg;3
eksi-667.jpeg;3
eksi-668.jpeg;3
eksi-669.jpeg;3
eksi-67.jpeg;3
eksi-670.jpeg;3
eksi-671.jpeg;3
eksi-672.jpeg;3
eksi-673.jpeg;3
eksi-674.jpeg;3
eksi-675.jpeg;3
eksi-676.jpeg;3
eksi-677.jpeg;3
eksi-678.jpeg;3
eksi-679.jpeg;3
eksi-68.jpeg;3
eksi-680.jpeg;3
eksi-681.jpeg;3
eksi-682.jpeg;3
eksi-683.jpeg;3
eksi-684.jpeg;3
eksi-685.jpeg;3
eksi-686.jpeg;3
eksi-687.jpeg;3
eksi-688.jpeg;3
eksi-689.jpeg;3
eksi-69.jpeg;3
eksi-690.jpeg;3
eksi-691.jpeg;3
eksi-692.jpeg;3
eksi-693.jpeg;3
eksi-694.jpeg;3
eksi-695.jpeg;3
eksi-696.jpeg;3
eksi-697.jpeg;3
eksi-698.jpeg;3
eksi-699.jpeg;3
eksi-7.jpeg;3
eksi-70.jpeg;3
eksi-700.jpeg;3
eksi-701.jpeg;3
eksi-702.jpeg;3
eksi-703.jpeg;3
eksi-704.jpeg;3
eksi-705.jpeg;3
eksi-706.jpeg;3
eksi-707.jpeg;3
eksi-708.jpeg;3
eksi-709.jpeg;3
eksi-71.jpeg;3
eksi-710.jpeg;3
eksi-711.jpeg;3
eksi-712.jpeg;3
eksi-713.jpeg;3
eksi-714.jpeg;3
eksi-715.jpeg;3
eksi-716.jpeg;3
eksi-717.jpeg;3
eksi-718.jpeg;3
eksi-719.jpeg;3
eksi-72.jpeg;3
eksi-720.jpeg;3
eksi-721.jpeg;3
eksi-722.jpeg;3
eksi-723.jpeg;3
eksi-724.jpeg;3
eksi-725.jpeg;3
eksi-726.jpeg;3
eksi-727.jpeg;3
eksi-728.jpeg;3
eksi-729.jpeg;3
eksi-73.jpeg;3
eksi-730.jpeg;3
eksi-731.jpeg;3
eksi-732.jpeg;3
eksi-733.jpeg;3
eksi-734.jpeg;3
eksi-735.jpeg;3
eksi-736.jpeg;3
eksi-737.jpeg;3
eksi-738.jpeg;3
eksi-739.jpeg;3
eksi-74.jpeg;3
eksi-740.jpeg;3
eksi-741.jpeg;3
eksi-742.jpeg;3
eksi-743.jpeg;3
eksi-744.jpeg;3
eksi-745.jpeg;3
eksi-746.jpeg;3
eksi-747.jpeg;3
eksi-748.jpeg;3
eksi-749.jpeg;3
eksi-75.jpeg;3
eksi-750.jpeg;3
eksi-751.jpeg;3
eksi-752.jpeg;3
eksi-753.jpeg;3
eksi-754.jpeg;3
eksi-755.jpeg;3
eksi-756.jpeg;3
eksi-757.jpeg;3
eksi-758.jpeg;3
eksi-759.jpeg;3
eksi-76.jpeg;3
eksi-760.jpeg;3
eksi-761.jpeg;3
eksi-762.jpeg;3
eksi-763.jpeg;3
eksi-764.jpeg;3
eksi-765.jpeg;3
eksi-766.jpeg;3
eksi-767.jpeg;3
eksi-768.jpeg;3
eksi-769.jpeg;3
eksi-77.jpeg;3
eksi-770.jpeg;3
eksi-771.jpeg;3
eksi-772.jpeg;3
eksi-773.jpeg;3
eksi-774.jpeg;3
eksi-775.jpeg;3
eksi-776.jpeg;3
eksi-777.jpeg;3
eksi-778.jpeg;3
eksi-779.jpeg;3
eksi-78.jpeg;3
eksi-780.jpeg;3
eksi-781.jpeg;3
eksi-782.jpeg;3
eksi-783.jpeg;3
eksi-784.jpeg;3
eksi-785.jpeg;3
eksi-786.jpeg;3
eksi-787.jpeg;3
eksi-788.jpeg;3
eksi-789.jpeg;3
eksi-79.jpeg;3
eksi-790.jpeg;3
eksi-791.jpeg;3
eksi-792.jpeg;3
eksi-793.jpeg;3
eksi-794.jpeg;3
eksi-795.jpeg;3
eksi-796.jpeg;3
eksi-797.jpeg;3
eksi-798.jpeg;3
eksi-799.jpeg;3
eksi-8.jpeg;3
eksi-80.jpeg;3
eksi-800.jpeg;3
eksi-801.jpeg;3
eksi-802.jpeg;3
eksi-803.jpeg;3
eksi-804.jpeg;3
eksi-805.jpeg;3
eksi-806.jpeg;3
eksi-807.jpeg;3
eksi-808.jpeg;3
eksi-809.jpeg;3
eksi-81.jpeg;3
eksi-810.jpeg;3
eksi-811.jpeg;3
eksi-812.jpeg;3
eksi-813.jpeg;3
eksi-814.jpeg;3
eksi-815.jpeg;3
eksi-816.jpeg;3
eksi-817.jpeg;3
eksi-818.jpeg;3
eksi-819.jpeg;3
eksi-82.jpeg;3
eksi-820.jpeg;3
eksi-821.jpeg;3
eksi-822.jpeg;3
eksi-823.jpeg;3
eksi-824.jpeg;3
eksi-825.jpeg;3
eksi-826.jpeg;3
eksi-827.jpeg;3
eksi-828.jpeg;3
eksi-829.jpeg;3
eksi-83.jpeg;3
eksi-830.jpeg;3
eksi-831.jpeg;3
eksi-832.jpeg;3
eksi-833.jpeg;3
eksi-834.jpeg;3
eksi-835.jpeg;3
eksi-836.jpeg;3
eksi-837.jpeg;3
eksi-838.jpeg;3
eksi-839.jpeg;3
eksi-84.jpeg;3
eksi-840.jpeg;3
eksi-841.jpeg;3
eksi-842.jpeg;3
eksi-843.jpeg;3
eksi-844.jpeg;3
eksi-845.jpeg;3
eksi-846.jpeg;3
eksi-847.jpeg;3
eksi-848.jpeg;3
eksi-849.jpeg;3
eksi-85.jpeg;3
eksi-850.jpeg;3
eksi-851.jpeg;3
eksi-852.jpeg;3
eksi-853.jpeg;3
eksi-854.jpeg;3
eksi-855.jpeg;3
eksi-856.jpeg;3
eksi-857.jpeg;3
eksi-858.jpeg;3
eksi-859.jpeg;3
eksi-86.jpeg;3
eksi-860.jpeg;3
eksi-861.jpeg;3
eksi-862.jpeg;3
eksi-863.jpeg;3
eksi-864.jpeg;3
eksi-865.jpeg;3
eksi-866.jpeg;3
eksi-867.jpeg;3
eksi-868.jpeg;3
eksi-869.jpeg;3
eksi-87.jpeg;3
eksi-870.jpeg;3
eksi-871.jpeg;3
eksi-872.jpeg;3
eksi-873.jpeg;3
eksi-874.jpeg;3
eksi-875.jpeg;3
eksi-876.jpeg;3
eksi-877.jpeg;3
eksi-878.jpeg;3
eksi-879.jpeg;3
eksi-88.jpeg;3
eksi-880.jpeg;3
eksi-881.jpeg;3
eksi-882.jpeg;3
eksi-883.jpeg;3
eksi-884.jpeg;3
eksi-885.jpeg;3
eksi-886.jpeg;3
eksi-888.jpeg;3
eksi-889.jpeg;3
eksi-89.jpeg;3
eksi-890.jpeg;3
eksi-891.jpeg;3
eksi-892.jpeg;3
eksi-893.jpeg;3
eksi-894.jpeg;3
eksi-895.jpeg;3
eksi-896.jpeg;3
eksi-897.jpeg;3
eksi-898.jpeg;3
eksi-899.jpeg;3
eksi-9.jpeg;3
eksi-90.jpeg;3
eksi-900.jpeg;3
eksi-901.jpeg;3
eksi-902.jpeg;3
eksi-903.jpeg;3
eksi-904.jpeg;3
eksi-905.jpeg;3
eksi-906.jpeg;3
eksi-907.jpeg;3
eksi-908.jpeg;3
eksi-909.jpeg;3
eksi-91.jpeg;3
eksi-910.jpeg;3
eksi-911.jpeg;3
eksi-912.jpeg;3
eksi-913.jpeg;3
eksi-914.jpeg;3
eksi-915.jpeg;3
eksi-916.jpeg;3
eksi-917.jpeg;3
eksi-918.jpeg;3
eksi-92.jpeg;3
eksi-920.jpeg;3
eksi-921.jpeg;3
eksi-922.jpeg;3
eksi-923.jpeg;3
eksi-924.jpeg;3
eksi-925.jpeg;3
eksi-926.jpeg;3
eksi-928.jpeg;3
eksi-929.jpeg;3
eksi-93.jpeg;3
eksi-930.jpeg;3
eksi-933.jpeg;3
eksi-934.jpeg;3
eksi-935.jpeg;3
eksi-936.jpeg;3
eksi-937.jpeg;3
eksi-938.jpeg;3
eksi-939.jpeg;3
eksi-94.jpeg;3
eksi-940.jpeg;3
eksi-941.jpeg;3
eksi-942.jpeg;3
eksi-943.jpeg;3
eksi-944.jpeg;3
eksi-945.jpeg;3
eksi-946.jpeg;3
eksi-947.jpeg;3
eksi-948.jpeg;3
eksi-95.jpeg;3
eksi-950.jpeg;3
eksi-951.jpeg;3
eksi-952.jpeg;3
eksi-953.jpeg;3
eksi-954.jpeg;3
eksi-955.jpeg;3
eksi-956.jpeg;3
eksi-957.jpeg;3
eksi-958.jpeg;3
eksi-959.jpeg;3
eksi-96.jpeg;3
eksi-960.jpeg;3
eksi-961.jpeg;3
eksi-962.jpeg;3
eksi-963.jpeg;3
eksi-964.jpeg;3
eksi-965.jpeg;3
eksi-966.jpeg;3
eksi-968.jpeg;3
eksi-969.jpeg;3
eksi-97.jpeg;3
eksi-970.jpeg;3
eksi-971.jpeg;3
eksi-972.jpeg;3
eksi-973.jpeg;3
eksi-974.jpeg;3
eksi-975.jpeg;3
eksi-976.jpeg;3
eksi-977.jpeg;3
eksi-978.jpeg;3
eksi-979.jpeg;3
eksi-98.jpeg;3
eksi-980.jpeg;3
eksi-981.jpeg;3
eksi-982.jpeg;3
eksi-983.jpeg;3
eksi-984.jpeg;3
eksi-985.jpeg;3
eksi-986.jpeg;3
eksi-987.jpeg;3
eksi-988.jpeg;3
eksi-989.jpeg;3
eksi-99.jpeg;3
eksi-990.jpeg;3
eksi-991.jpeg;3
eksi-992.jpeg;3
eksi-993.jpeg;3
eksi-994.jpeg;3
eksi-995.jpeg;3
eksi-996.jpeg;3
eksi-997.jpeg;3
eksi-998.jpeg;3
eksi-999.jpeg;3
n11-0.jpeg;1
n11-1.jpeg;1
n11-10.jpeg;1
n11-100.jpeg;1
n11-1000.jpeg;1
n11-1001.jpeg;1
n11-1002.jpeg;1
n11-1003.jpeg;1
n11-1004.jpeg;1
n11-1005.jpeg;1
n11-1006.jpeg;1
n11-1007.jpeg;1
n11-1008.jpeg;1
n11-1009.jpeg;1
n11-101.jpeg;1
n11-1010.jpeg;1
n11-1011.jpeg;1
n11-1012.jpeg;1
n11-1013.jpeg;1
n11-1014.jpeg;1
n11-1015.jpeg;1
n11-1016.jpeg;1
n11-1017.jpeg;1
n11-1018.jpeg;1
n11-1019.jpeg;1
n11-102.jpeg;1
n11-1020.jpeg;1
n11-1021.jpeg;1
n11-1022.jpeg;1
n11-1023.jpeg;1
n11-1024.jpeg;1
n11-1025.jpeg;1
n11-1026.jpeg;1
n11-1027.jpeg;1
n11-1028.jpeg;1
n11-1029.jpeg;1
n11-103.jpeg;1
n11-1030.jpeg;1
n11-1031.jpeg;1
n11-1032.jpeg;1
n11-1033.jpeg;1
n11-1034.jpeg;1
n11-1035.jpeg;1
n11-1036.jpeg;1
n11-1037.jpeg;1
n11-1038.jpeg;1
n11-1039.jpeg;1
n11-104.jpeg;1
n11-1040.jpeg;1
n11-1041.jpeg;1
n11-1042.jpeg;1
n11-1043.jpeg;1
n11-1044.jpeg;1
n11-1045.jpeg;1
n11-1046.jpeg;1
n11-1047.jpeg;1
n11-1048.jpeg;1
n11-1049.jpeg;1
n11-105.jpeg;1
n11-1050.jpeg;1
n11-1051.jpeg;1
n11-1052.jpeg;1
n11-1053.jpeg;1
n11-1054.jpeg;1
n11-1055.jpeg;1
n11-1056.jpeg;1
n11-1057.jpeg;1
n11-1059.jpeg;1
n11-106.jpeg;1
n11-1060.jpeg;1
n11-1061.jpeg;1
n11-1062.jpeg;1
n11-1063.jpeg;1
n11-1064.jpeg;1
n11-1065.jpeg;1
n11-1066.jpeg;1
n11-1067.jpeg;1
n11-1068.jpeg;1
n11-1069.jpeg;1
n11-107.jpeg;1
n11-1070.jpeg;1
n11-1071.jpeg;1
n11-1072.jpeg;1
n11-1073.jpeg;1
n11-1074.jpeg;1
n11-1075.jpeg;1
n11-1076.jpeg;1
n11-1077.jpeg;1
n11-1078.jpeg;1
n11-1079.jpeg;1
n11-108.jpeg;1
n11-1080.jpeg;1
n11-1081.jpeg;1
n11-1082.jpeg;1
n11-1083.jpeg;1
n11-1084.jpeg;1
n11-1085.jpeg;1
n11-1086.jpeg;1
n11-1087.jpeg;1
n11-1088.jpeg;1
n11-1089.jpeg;1
n11-109.jpeg;1
n11-1090.jpeg;1
n11-1091.jpeg;1
n11-1092.jpeg;1
n11-1093.jpeg;1
n11-1094.jpeg;1
n11-1095.jpeg;1
n11-1096.jpeg;1
n11-1097.jpeg;1
n11-1098.jpeg;1
n11-1099.jpeg;1
n11-11.jpeg;1
n11-110.jpeg;1
n11-1100.jpeg;1
n11-1101.jpeg;1
n11-1102.jpeg;1
n11-1103.jpeg;1
n11-111.jpeg;1
n11-112.jpeg;1
n11-113.jpeg;1
n11-114.jpeg;1
n11-115.jpeg;1
n11-116.jpeg;1
n11-117.jpeg;1
n11-118.jpeg;1
n11-119.jpeg;1
n11-12.jpeg;1
n11-120.jpeg;1
n11-121.jpeg;1
n11-122.jpeg;1
n11-123.jpeg;1
n11-124.jpeg;1
n11-125.jpeg;1
n11-126.jpeg;1
n11-127.jpeg;1
n11-128.jpeg;1
n11-129.jpeg;1
n11-13.jpeg;1
n11-130.jpeg;1
n11-131.jpeg;1
n11-132.jpeg;1
n11-133.jpeg;1
n11-134.jpeg;1
n11-135.jpeg;1
n11-136.jpeg;1
n11-137.jpeg;1
n11-138.jpeg;1
n11-139.jpeg;1
n11-14.jpeg;1
n11-140.jpeg;1
n11-141.jpeg;1
n11-142.jpeg;1
n11-143.jpeg;1
n11-144.jpeg;1
n11-145.jpeg;1
n11-146.jpeg;1
n11-147.jpeg;1
n11-148.jpeg;1
n11-149.jpeg;1
n11-15.jpeg;1
n11-150.jpeg;1
n11-151.jpeg;1
n11-152.jpeg;1
n11-153.jpeg;1
n11-154.jpeg;1
n11-155.jpeg;1
n11-156.jpeg;1
n11-157.jpeg;1
n11-158.jpeg;1
n11-159.jpeg;1
n11-16.jpeg;1
n11-160.jpeg;1
n11-161.jpeg;1
n11-162.jpeg;1
n11-163.jpeg;1
n11-164.jpeg;1
n11-165.jpeg;1
n11-166.jpeg;1
n11-167.jpeg;1
n11-168.jpeg;1
n11-169.jpeg;1
n11-17.jpeg;1
n11-170.jpeg;1
n11-171.jpeg;1
n11-172.jpeg;1
n11-173.jpeg;1
n11-174.jpeg;1
n11-175.jpeg;1
n11-176.jpeg;1
n11-177.jpeg;1
n11-178.jpeg;1
n11-179.jpeg;1
n11-18.jpeg;1
n11-180.jpeg;1
n11-181.jpeg;1
n11-182.jpeg;1
n11-183.jpeg;1
n11-184.jpeg;1
n11-185.jpeg;1
n11-186.jpeg;1
n11-187.jpeg;1
n11-188.jpeg;1
n11-189.jpeg;1
n11-19.jpeg;1
n11-190.jpeg;1
n11-191.jpeg;1
n11-192.jpeg;1
n11-193.jpeg;1
n11-194.jpeg;1
n11-195.jpeg;1
n11-196.jpeg;1
n11-197.jpeg;1
n11-198.jpeg;1
n11-199.jpeg;1
n11-2.jpeg;1
n11-20.jpeg;1
n11-200.jpeg;1
n11-201.jpeg;1
n11-202.jpeg;1
n11-203.jpeg;1
n11-204.jpeg;1
n11-205.jpeg;1
n11-206.jpeg;1
n11-207.jpeg;1
n11-208.jpeg;1
n11-209.jpeg;1
n11-21.jpeg;1
n11-210.jpeg;1
n11-211.jpeg;1
n11-212.jpeg;1
n11-213.jpeg;1
n11-214.jpeg;1
n11-215.jpeg;1
n11-216.jpeg;1
n11-217.jpeg;1
n11-218.jpeg;1
n11-219.jpeg;1
n11-22.jpeg;1
n11-220.jpeg;1
n11-221.jpeg;1
n11-222.jpeg;1
n11-223.jpeg;1
n11-224.jpeg;1
n11-225.jpeg;1
n11-226.jpeg;1
n11-227.jpeg;1
n11-228.jpeg;1
n11-229.jpeg;1
n11-23.jpeg;1
n11-230.jpeg;1
n11-231.jpeg;1
n11-232.jpeg;1
n11-233.jpeg;1
n11-234.jpeg;1
n11-235.jpeg;1
n11-236.jpeg;1
n11-237.jpeg;1
n11-238.jpeg;1
n11-239.jpeg;1
n11-24.jpeg;1
n11-240.jpeg;1
n11-241.jpeg;1
n11-242.jpeg;1
n11-243.jpeg;1
n11-244.jpeg;1
n11-245.jpeg;1
n11-246.jpeg;1
n11-247.jpeg;1
n11-248.jpeg;1
n11-249.jpeg;1
n11-25.jpeg;1
n11-250.jpeg;1
n11-251.jpeg;1
n11-252.jpeg;1
n11-253.jpeg;1
n11-254.jpeg;1
n11-255.jpeg;1
n11-256.jpeg;1
n11-257.jpeg;1
n11-258.jpeg;1
n11-259.jpeg;1
n11-26.jpeg;1
n11-260.jpeg;1
n11-261.jpeg;1
n11-262.jpeg;1
n11-263.jpeg;1
n11-264.jpeg;1
n11-265.jpeg;1
n11-266.jpeg;1
n11-267.jpeg;1
n11-268.jpeg;1
n11-269.jpeg;1
n11-27.jpeg;1
n11-270.jpeg;1
n11-271.jpeg;1
n11-272.jpeg;1
n11-273.jpeg;1
n11-274.jpeg;1
n11-275.jpeg;1
n11-276.jpeg;1
n11-277.jpeg;1
n11-278.jpeg;1
n11-279.jpeg;1
n11-28.jpeg;1
n11-280.jpeg;1
n11-281.jpeg;1
n11-282.jpeg;1
n11-283.jpeg;1
n11-284.jpeg;1
n11-285.jpeg;1
n11-286.jpeg;1
n11-287.jpeg;1
n11-288.jpeg;1
n11-289.jpeg;1
n11-29.jpeg;1
n11-290.jpeg;1
n11-291.jpeg;1
n11-292.jpeg;1
n11-293.jpeg;1
n11-294.jpeg;1
n11-295.jpeg;1
n11-296.jpeg;1
n11-297.jpeg;1
n11-298.jpeg;1
n11-299.jpeg;1
n11-3.jpeg;1
n11-30.jpeg;1
n11-300.jpeg;1
n11-301.jpeg;1
n11-302.jpeg;1
n11-303.jpeg;1
n11-304.jpeg;1
n11-305.jpeg;1
n11-306.jpeg;1
n11-307.jpeg;1
n11-308.jpeg;1
n11-309.jpeg;1
n11-31.jpeg;1
n11-310.jpeg;1
n11-311.jpeg;1
n11-312.jpeg;1
n11-313.jpeg;1
n11-314.jpeg;1
n11-315.jpeg;1
n11-316.jpeg;1
n11-317.jpeg;1
n11-318.jpeg;1
n11-319.jpeg;1
n11-32.jpeg;1
n11-320.jpeg;1
n11-321.jpeg;1
n11-322.jpeg;1
n11-323.jpeg;1
n11-324.jpeg;1
n11-325.jpeg;1
n11-326.jpeg;1
n11-327.jpeg;1
n11-328.jpeg;1
n11-329.jpeg;1
n11-33.jpeg;1
n11-330.jpeg;1
n11-331.jpeg;1
n11-332.jpeg;1
n11-333.jpeg;1
n11-334.jpeg;1
n11-335.jpeg;1
n11-336.jpeg;1
n11-337.jpeg;1
n11-338.jpeg;1
n11-339.jpeg;1
n11-34.jpeg;1
n11-340.jpeg;1
n11-341.jpeg;1
n11-342.jpeg;1
n11-343.jpeg;1
n11-344.jpeg;1
n11-345.jpeg;1
n11-346.jpeg;1
n11-347.jpeg;1
n11-348.jpeg;1
n11-349.jpeg;1
n11-35.jpeg;1
n11-350.jpeg;1
n11-351.jpeg;1
n11-352.jpeg;1
n11-353.jpeg;1
n11-354.jpeg;1
n11-355.jpeg;1
n11-356.jpeg;1
n11-357.jpeg;1
n11-358.jpeg;1
n11-359.jpeg;1
n11-36.jpeg;1
n11-360.jpeg;1
n11-361.jpeg;1
n11-362.jpeg;1
n11-363.jpeg;1
n11-364.jpeg;1
n11-365.jpeg;1
n11-366.jpeg;1
n11-367.jpeg;1
n11-368.jpeg;1
n11-369.jpeg;1
n11-37.jpeg;1
n11-370.jpeg;1
n11-371.jpeg;1
n11-372.jpeg;1
n11-373.jpeg;1
n11-374.jpeg;1
n11-375.jpeg;1
n11-376.jpeg;1
n11-377.jpeg;1
n11-378.jpeg;1
n11-379.jpeg;1
n11-38.jpeg;1
n11-380.jpeg;1
n11-381.jpeg;1
n11-382.jpeg;1
n11-383.jpeg;1
n11-384.jpeg;1
n11-385.jpeg;1
n11-386.jpeg;1
n11-387.jpeg;1
n11-388.jpeg;1
n11-389.jpeg;1
n11-39.jpeg;1
n11-390.jpeg;1
n11-391.jpeg;1
n11-392.jpeg;1
n11-393.jpeg;1
n11-394.jpeg;1
n11-395.jpeg;1
n11-396.jpeg;1
n11-397.jpeg;1
n11-398.jpeg;1
n11-399.jpeg;1
n11-4.jpeg;1
n11-40.jpeg;1
n11-400.jpeg;1
n11-401.jpeg;1
n11-402.jpeg;1
n11-403.jpeg;1
n11-404.jpeg;1
n11-405.jpeg;1
n11-406.jpeg;1
n11-407.jpeg;1
n11-408.jpeg;1
n11-409.jpeg;1
n11-41.jpeg;1
n11-410.jpeg;1
n11-411.jpeg;1
n11-412.jpeg;1
n11-413.jpeg;1
n11-414.jpeg;1
n11-415.jpeg;1
n11-416.jpeg;1
n11-417.jpeg;1
n11-418.jpeg;1
n11-419.jpeg;1
n11-42.jpeg;1
n11-420.jpeg;1
n11-421.jpeg;1
n11-422.jpeg;1
n11-423.jpeg;1
n11-424.jpeg;1
n11-425.jpeg;1
n11-426.jpeg;1
n11-427.jpeg;1
n11-428.jpeg;1
n11-429.jpeg;1
n11-43.jpeg;1
n11-430.jpeg;1
n11-431.jpeg;1
n11-432.jpeg;1
n11-433.jpeg;1
n11-434.jpeg;1
n11-435.jpeg;1
n11-436.jpeg;1
n11-437.jpeg;1
n11-438.jpeg;1
n11-439.jpeg;1
n11-44.jpeg;1
n11-440.jpeg;1
n11-441.jpeg;1
n11-442.jpeg;1
n11-443.jpeg;1
n11-444.jpeg;1
n11-445.jpeg;1
n11-446.jpeg;1
n11-447.jpeg;1
n11-448.jpeg;1
n11-449.jpeg;1
n11-45.jpeg;1
n11-450.jpeg;1
n11-451.jpeg;1
n11-452.jpeg;1
n11-453.jpeg;1
n11-454.jpeg;1
n11-455.jpeg;1
n11-456.jpeg;1
n11-457.jpeg;1
n11-458.jpeg;1
n11-459.jpeg;1
n11-46.jpeg;1
n11-460.jpeg;1
n11-461.jpeg;1
n11-462.jpeg;1
n11-463.jpeg;1
n11-464.jpeg;1
n11-465.jpeg;1
n11-466.jpeg;1
n11-467.jpeg;1
n11-468.jpeg;1
n11-469.jpeg;1
n11-47.jpeg;1
n11-470.jpeg;1
n11-471.jpeg;1
n11-472.jpeg;1
n11-473.jpeg;1
n11-474.jpeg;1
n11-475.jpeg;1
n11-476.jpeg;1
n11-477.jpeg;1
n11-478.jpeg;1
n11-479.jpeg;1
n11-48.jpeg;1
n11-480.jpeg;1
n11-481.jpeg;1
n11-482.jpeg;1
n11-483.jpeg;1
n11-484.jpeg;1
n11-485.jpeg;1
n11-486.jpeg;1
n11-487.jpeg;1
n11-488.jpeg;1
n11-489.jpeg;1
n11-49.jpeg;1
n11-490.jpeg;1
n11-491.jpeg;1
n11-492.jpeg;1
n11-493.jpeg;1
n11-494.jpeg;1
n11-495.jpeg;1
n11-496.jpeg;1
n11-497.jpeg;1
n11-498.jpeg;1
n11-499.jpeg;1
n11-5.jpeg;1
n11-50.jpeg;1
n11-500.jpeg;1
n11-501.jpeg;1
n11-502.jpeg;1
n11-503.jpeg;1
n11-504.jpeg;1
n11-505.jpeg;1
n11-506.jpeg;1
n11-507.jpeg;1
n11-508.jpeg;1
n11-509.jpeg;1
n11-51.jpeg;1
n11-510.jpeg;1
n11-511.jpeg;1
n11-512.jpeg;1
n11-513.jpeg;1
n11-514.jpeg;1
n11-515.jpeg;1
n11-516.jpeg;1
n11-517.jpeg;1
n11-518.jpeg;1
n11-519.jpeg;1
n11-52.jpeg;1
n11-520.jpeg;1
n11-521.jpeg;1
n11-522.jpeg;1
n11-523.jpeg;1
n11-524.jpeg;1
n11-525.jpeg;1
n11-526.jpeg;1
n11-527.jpeg;1
n11-528.jpeg;1
n11-529.jpeg;1
n11-53.jpeg;1
n11-530.jpeg;1
n11-531.jpeg;1
n11-532.jpeg;1
n11-533.jpeg;1
n11-534.jpeg;1
n11-535.jpeg;1
n11-536.jpeg;1
n11-537.jpeg;1
n11-538.jpeg;1
n11-539.jpeg;1
n11-54.jpeg;1
n11-540.jpeg;1
n11-541.jpeg;1
n11-542.jpeg;1
n11-543.jpeg;1
n11-544.jpeg;1
n11-545.jpeg;1
n11-546.jpeg;1
n11-547.jpeg;1
n11-548.jpeg;1
n11-549.jpeg;1
n11-55.jpeg;1
n11-550.jpeg;1
n11-551.jpeg;1
n11-552.jpeg;1
n11-553.jpeg;1
n11-554.jpeg;1
n11-555.jpeg;1
n11-556.jpeg;1
n11-557.jpeg;1
n11-558.jpeg;1
n11-559.jpeg;1
n11-56.jpeg;1
n11-560.jpeg;1
n11-561.jpeg;1
n11-562.jpeg;1
n11-563.jpeg;1
n11-564.jpeg;1
n11-565.jpeg;1
n11-566.jpeg;1
n11-567.jpeg;1
n11-568.jpeg;1
n11-569.jpeg;1
n11-57.jpeg;1
n11-570.jpeg;1
n11-571.jpeg;1
n11-572.jpeg;1
n11-573.jpeg;1
n11-574.jpeg;1
n11-575.jpeg;1
n11-576.jpeg;1
n11-577.jpeg;1
n11-578.jpeg;1
n11-579.jpeg;1
n11-58.jpeg;1
n11-580.jpeg;1
n11-581.jpeg;1
n11-582.jpeg;1
n11-583.jpeg;1
n11-584.jpeg;1
n11-585.jpeg;1
n11-586.jpeg;1
n11-587.jpeg;1
n11-588.jpeg;1
n11-589.jpeg;1
n11-59.jpeg;1
n11-590.jpeg;1
n11-591.jpeg;1
n11-592.jpeg;1
n11-593.jpeg;1
n11-594.jpeg;1
n11-595.jpeg;1
n11-596.jpeg;1
n11-597.jpeg;1
n11-598.jpeg;1
n11-599.jpeg;1
n11-6.jpeg;1
n11-60.jpeg;1
n11-600.jpeg;1
n11-601.jpeg;1
n11-602.jpeg;1
n11-603.jpeg;1
n11-604.jpeg;1
n11-605.jpeg;1
n11-606.jpeg;1
n11-607.jpeg;1
n11-608.jpeg;1
n11-609.jpeg;1
n11-61.jpeg;1
n11-610.jpeg;1
n11-611.jpeg;1
n11-612.jpeg;1
n11-613.jpeg;1
n11-614.jpeg;1
n11-615.jpeg;1
n11-616.jpeg;1
n11-617.jpeg;1
n11-618.jpeg;1
n11-619.jpeg;1
n11-62.jpeg;1
n11-620.jpeg;1
n11-621.jpeg;1
n11-622.jpeg;1
n11-623.jpeg;1
n11-624.jpeg;1
n11-625.jpeg;1
n11-626.jpeg;1
n11-627.jpeg;1
n11-628.jpeg;1
n11-629.jpeg;1
n11-63.jpeg;1
n11-630.jpeg;1
n11-631.jpeg;1
n11-632.jpeg;1
n11-633.jpeg;1
n11-634.jpeg;1
n11-635.jpeg;1
n11-636.jpeg;1
n11-637.jpeg;1
n11-638.jpeg;1
n11-639.jpeg;1
n11-64.jpeg;1
n11-640.jpeg;1
n11-641.jpeg;1
n11-642.jpeg;1
n11-643.jpeg;1
n11-644.jpeg;1
n11-645.jpeg;1
n11-646.jpeg;1
n11-647.jpeg;1
n11-648.jpeg;1
n11-649.jpeg;1
n11-65.jpeg;1
n11-650.jpeg;1
n11-651.jpeg;1
n11-652.jpeg;1
n11-653.jpeg;1
n11-654.jpeg;1
n11-655.jpeg;1
n11-656.jpeg;1
n11-657.jpeg;1
n11-658.jpeg;1
n11-659.jpeg;1
n11-66.jpeg;1
n11-660.jpeg;1
n11-661.jpeg;1
n11-662.jpeg;1
n11-663.jpeg;1
n11-664.jpeg;1
n11-665.jpeg;1
n11-666.jpeg;1
n11-667.jpeg;1
n11-668.jpeg;1
n11-669.jpeg;1
n11-67.jpeg;1
n11-670.jpeg;1
n11-671.jpeg;1
n11-672.jpeg;1
n11-673.jpeg;1
n11-674.jpeg;1
n11-675.jpeg;1
n11-676.jpeg;1
n11-677.jpeg;1
n11-678.jpeg;1
n11-679.jpeg;1
n11-68.jpeg;1
n11-680.jpeg;1
n11-681.jpeg;1
n11-682.jpeg;1
n11-683.jpeg;1
n11-684.jpeg;1
n11-685.jpeg;1
n11-686.jpeg;1
n11-687.jpeg;1
n11-688.jpeg;1
n11-689.jpeg;1
n11-69.jpeg;1
n11-690.jpeg;1
n11-691.jpeg;1
n11-692.jpeg;1
n11-693.jpeg;1
n11-694.jpeg;1
n11-695.jpeg;1
n11-696.jpeg;1
n11-697.jpeg;1
n11-698.jpeg;1
n11-699.jpeg;1
n11-7.jpeg;1
n11-70.jpeg;1
n11-700.jpeg;1
n11-701.jpeg;1
n11-702.jpeg;1
n11-703.jpeg;1
n11-704.jpeg;1
n11-705.jpeg;1
n11-706.jpeg;1
n11-707.jpeg;1
n11-708.jpeg;1
n11-709.jpeg;1
n11-71.jpeg;1
n11-710.jpeg;1
n11-711.jpeg;1
n11-712.jpeg;1
n11-713.jpeg;1
n11-714.jpeg;1
n11-715.jpeg;1
n11-716.jpeg;1
n11-717.jpeg;1
n11-718.jpeg;1
n11-719.jpeg;1
n11-72.jpeg;1
n11-720.jpeg;1
n11-721.jpeg;1
n11-722.jpeg;1
n11-723.jpeg;1
n11-724.jpeg;1
n11-725.jpeg;1
n11-726.jpeg;1
n11-727.jpeg;1
n11-728.jpeg;1
n11-729.jpeg;1
n11-73.jpeg;1
n11-730.jpeg;1
n11-731.jpeg;1
n11-732.jpeg;1
n11-733.jpeg;1
n11-734.jpeg;1
n11-735.jpeg;1
n11-736.jpeg;1
n11-737.jpeg;1
n11-738.jpeg;1
n11-739.jpeg;1
n11-74.jpeg;1
n11-740.jpeg;1
n11-741.jpeg;1
n11-742.jpeg;1
n11-743.jpeg;1
n11-744.jpeg;1
n11-745.jpeg;1
n11-746.jpeg;1
n11-747.jpeg;1
n11-748.jpeg;1
n11-749.jpeg;1
n11-75.jpeg;1
n11-750.jpeg;1
n11-751.jpeg;1
n11-752.jpeg;1
n11-753.jpeg;1
n11-754.jpeg;1
n11-755.jpeg;1
n11-756.jpeg;1
n11-757.jpeg;1
n11-758.jpeg;1
n11-759.jpeg;1
n11-76.jpeg;1
n11-760.jpeg;1
n11-761.jpeg;1
n11-762.jpeg;1
n11-763.jpeg;1
n11-764.jpeg;1
n11-765.jpeg;1
n11-766.jpeg;1
n11-767.jpeg;1
n11-768.jpeg;1
n11-769.jpeg;1
n11-77.jpeg;1
n11-770.jpeg;1
n11-771.jpeg;1
n11-772.jpeg;1
n11-773.jpeg;1
n11-774.jpeg;1
n11-775.jpeg;1
n11-776.jpeg;1
n11-777.jpeg;1
n11-778.jpeg;1
n11-779.jpeg;1
n11-78.jpeg;1
n11-780.jpeg;1
n11-781.jpeg;1
n11-782.jpeg;1
n11-783.jpeg;1
n11-784.jpeg;1
n11-785.jpeg;1
n11-786.jpeg;1
n11-787.jpeg;1
n11-788.jpeg;1
n11-789.jpeg;1
n11-79.jpeg;1
n11-790.jpeg;1
n11-791.jpeg;1
n11-792.jpeg;1
n11-793.jpeg;1
n11-794.jpeg;1
n11-795.jpeg;1
n11-796.jpeg;1
n11-797.jpeg;1
n11-798.jpeg;1
n11-799.jpeg;1
n11-8.jpeg;1
n11-80.jpeg;1
n11-800.jpeg;1
n11-801.jpeg;1
n11-802.jpeg;1
n11-803.jpeg;1
n11-804.jpeg;1
n11-805.jpeg;1
n11-806.jpeg;1
n11-807.jpeg;1
n11-808.jpeg;1
n11-809.jpeg;1
n11-81.jpeg;1
n11-810.jpeg;1
n11-811.jpeg;1
n11-812.jpeg;1
n11-813.jpeg;1
n11-814.jpeg;1
n11-815.jpeg;1
n11-816.jpeg;1
n11-817.jpeg;1
n11-818.jpeg;1
n11-819.jpeg;1
n11-82.jpeg;1
n11-821.jpeg;1
n11-822.jpeg;1
n11-823.jpeg;1
n11-824.jpeg;1
n11-825.jpeg;1
n11-826.jpeg;1
n11-827.jpeg;1
n11-828.jpeg;1
n11-829.jpeg;1
n11-83.jpeg;1
n11-830.jpeg;1
n11-831.jpeg;1
n11-832.jpeg;1
n11-833.jpeg;1
n11-834.jpeg;1
n11-835.jpeg;1
n11-836.jpeg;1
n11-837.jpeg;1
n11-838.jpeg;1
n11-839.jpeg;1
n11-84.jpeg;1
n11-840.jpeg;1
n11-841.jpeg;1
n11-842.jpeg;1
n11-843.jpeg;1
n11-844.jpeg;1
n11-845.jpeg;1
n11-846.jpeg;1
n11-847.jpeg;1
n11-848.jpeg;1
n11-849.jpeg;1
n11-85.jpeg;1
n11-850.jpeg;1
n11-851.jpeg;1
n11-852.jpeg;1
n11-853.jpeg;1
n11-854.jpeg;1
n11-855.jpeg;1
n11-856.jpeg;1
n11-857.jpeg;1
n11-858.jpeg;1
n11-859.jpeg;1
n11-86.jpeg;1
n11-860.jpeg;1
n11-861.jpeg;1
n11-862.jpeg;1
n11-863.jpeg;1
n11-864.jpeg;1
n11-865.jpeg;1
n11-866.jpeg;1
n11-867.jpeg;1
n11-868.jpeg;1
n11-869.jpeg;1
n11-87.jpeg;1
n11-870.jpeg;1
n11-871.jpeg;1
n11-872.jpeg;1
n11-873.jpeg;1
n11-874.jpeg;1
n11-875.jpeg;1
n11-876.jpeg;1
n11-877.jpeg;1
n11-878.jpeg;1
n11-879.jpeg;1
n11-88.jpeg;1
n11-880.jpeg;1
n11-881.jpeg;1
n11-882.jpeg;1
n11-883.jpeg;1
n11-884.jpeg;1
n11-885.jpeg;1
n11-886.jpeg;1
n11-887.jpeg;1
n11-888.jpeg;1
n11-889.jpeg;1
n11-89.jpeg;1
n11-890.jpeg;1
n11-892.jpeg;1
n11-893.jpeg;1
n11-894.jpeg;1
n11-895.jpeg;1
n11-896.jpeg;1
n11-897.jpeg;1
n11-898.jpeg;1
n11-899.jpeg;1
n11-9.jpeg;1
n11-90.jpeg;1
n11-900.jpeg;1
n11-901.jpeg;1
n11-902.jpeg;1
n11-903.jpeg;1
n11-904.jpeg;1
n11-905.jpeg;1
n11-906.jpeg;1
n11-907.jpeg;1
n11-908.jpeg;1
n11-909.jpeg;1
n11-91.jpeg;1
n11-910.jpeg;1
n11-911.jpeg;1
n11-912.jpeg;1
n11-913.jpeg;1
n11-914.jpeg;1
n11-915.jpeg;1
n11-916.jpeg;1
n11-917.jpeg;1
n11-918.jpeg;1
n11-919.jpeg;1
n11-92.jpeg;1
n11-920.jpeg;1
n11-921.jpeg;1
n11-922.jpeg;1
n11-923.jpeg;1
n11-924.jpeg;1
n11-925.jpeg;1
n11-926.jpeg;1
n11-927.jpeg;1
n11-928.jpeg;1
n11-929.jpeg;1
n11-93.jpeg;1
n11-930.jpeg;1
n11-931.jpeg;1
n11-932.jpeg;1
n11-933.jpeg;1
n11-938.jpeg;1
n11-939.jpeg;1
n11-94.jpeg;1
n11-940.jpeg;1
n11-941.jpeg;1
n11-942.jpeg;1
n11-943.jpeg;1
n11-944.jpeg;1
n11-945.jpeg;1
n11-946.jpeg;1
n11-947.jpeg;1
n11-948.jpeg;1
n11-949.jpeg;1
n11-95.jpeg;1
n11-950.jpeg;1
n11-951.jpeg;1
n11-952.jpeg;1
n11-953.jpeg;1
n11-954.jpeg;1
n11-955.jpeg;1
n11-956.jpeg;1
n11-957.jpeg;1
n11-958.jpeg;1
n11-959.jpeg;1
n11-96.jpeg;1
n11-960.jpeg;1
n11-961.jpeg;1
n11-962.jpeg;1
n11-963.jpeg;1
n11-964.jpeg;1
n11-965.jpeg;1
n11-966.jpeg;1
n11-967.jpeg;1
n11-968.jpeg;1
n11-969.jpeg;1
n11-97.jpeg;1
n11-970.jpeg;1
n11-971.jpeg;1
n11-972.jpeg;1
n11-973.jpeg;1
n11-974.jpeg;1
n11-975.jpeg;1
n11-976.jpeg;1
n11-977.jpeg;1
n11-978.jpeg;1
n11-979.jpeg;1
n11-98.jpeg;1
n11-980.jpeg;1
n11-981.jpeg;1
n11-982.jpeg;1
n11-983.jpeg;1
n11-984.jpeg;1
n11-985.jpeg;1
n11-986.jpeg;1
n11-987.jpeg;1
n11-988.jpeg;1
n11-989.jpeg;1
n11-99.jpeg;1
n11-990.jpeg;1
n11-991.jpeg;1
n11-992.jpeg;1
n11-993.jpeg;1
n11-994.jpeg;1
n11-995.jpeg;1
n11-996.jpeg;1
n11-997.jpeg;1
n11-998.jpeg;1
n11-999.jpeg;1
sozcu-0.jpeg;2
sozcu-10.jpeg;2
sozcu-100.jpeg;2
sozcu-101.jpeg;2
sozcu-102.jpeg;2
sozcu-103.jpeg;2
sozcu-104.jpeg;2
sozcu-105.jpeg;2
sozcu-106.jpeg;2
sozcu-107.jpeg;2
sozcu-108.jpeg;2
sozcu-109(1).jpeg;2
sozcu-109.jpeg;2
sozcu-11.jpeg;2
sozcu-110.jpeg;2
sozcu-111(1).jpeg;2
sozcu-111.jpeg;2
sozcu-112(1).jpeg;2
sozcu-112.jpeg;2
sozcu-113(1).jpeg;2
sozcu-113.jpeg;2
sozcu-114.jpeg;2
sozcu-115.jpeg;2
sozcu-116(1).jpeg;2
sozcu-116.jpeg;2
sozcu-117.jpeg;2
sozcu-118.jpeg;2
sozcu-119.jpeg;2
sozcu-12.jpeg;2
sozcu-120.jpeg;2
sozcu-121.jpeg;2
sozcu-122.jpeg;2
sozcu-123.jpeg;2
sozcu-124.jpeg;2
sozcu-125.jpeg;2
sozcu-126.jpeg;2
sozcu-127.jpeg;2
sozcu-128.jpeg;2
sozcu-129.jpeg;2
sozcu-13.jpeg;2
sozcu-130.jpeg;2
sozcu-131.jpeg;2
sozcu-132.jpeg;2
sozcu-133.jpeg;2
sozcu-134.jpeg;2
sozcu-135.jpeg;2
sozcu-136.jpeg;2
sozcu-137.jpeg;2
sozcu-138.jpeg;2
sozcu-139.jpeg;2
sozcu-14.jpeg;2
sozcu-140.jpeg;2
sozcu-141.jpeg;2
sozcu-142.jpeg;2
sozcu-143.jpeg;2
sozcu-144.jpeg;2
sozcu-145.jpeg;2
sozcu-146.jpeg;2
sozcu-147.jpeg;2
sozcu-148.jpeg;2
sozcu-149.jpeg;2
sozcu-15.jpeg;2
sozcu-150.jpeg;2
sozcu-151.jpeg;2
sozcu-152.jpeg;2
sozcu-153.jpeg;2
sozcu-154.jpeg;2
sozcu-156.jpeg;2
sozcu-157.jpeg;2
sozcu-158.jpeg;2
sozcu-159.jpeg;2
sozcu-16.jpeg;2
sozcu-160.jpeg;2
sozcu-161.jpeg;2
sozcu-162.jpeg;2
sozcu-163.jpeg;2
sozcu-164.jpeg;2
sozcu-165.jpeg;2
sozcu-166.jpeg;2
sozcu-167.jpeg;2
sozcu-168.jpeg;2
sozcu-169.jpeg;2
sozcu-17.jpeg;2
sozcu-170.jpeg;2
sozcu-171.jpeg;2
sozcu-172.jpeg;2
sozcu-173.jpeg;2
sozcu-174.jpeg;2
sozcu-175.jpeg;2
sozcu-176.jpeg;2
sozcu-177.jpeg;2
sozcu-178.jpeg;2
sozcu-179.jpeg;2
sozcu-180.jpeg;2
sozcu-181.jpeg;2
sozcu-182.jpeg;2
sozcu-183.jpeg;2
sozcu-184.jpeg;2
sozcu-185.jpeg;2
sozcu-186.jpeg;2
sozcu-187.jpeg;2
sozcu-188.jpeg;2
sozcu-189.jpeg;2
sozcu-19.jpeg;2
sozcu-190.jpeg;2
sozcu-191.jpeg;2
sozcu-192.jpeg;2
sozcu-193.jpeg;2
sozcu-194.jpeg;2
sozcu-195.jpeg;2
sozcu-196.jpeg;2
sozcu-197.jpeg;2
sozcu-198.jpeg;2
sozcu-2.jpeg;2
sozcu-20.jpeg;2
sozcu-200.jpeg;2
sozcu-202.jpeg;2
sozcu-204.jpeg;2
sozcu-205.jpeg;2
sozcu-206.jpeg;2
sozcu-207.jpeg;2
sozcu-208.jpeg;2
sozcu-209.jpeg;2
sozcu-21.jpeg;2
sozcu-210.jpeg;2
sozcu-211.jpeg;2
sozcu-212.jpeg;2
sozcu-213.jpeg;2
sozcu-214.jpeg;2
sozcu-215.jpeg;2
sozcu-217.jpeg;2
sozcu-218.jpeg;2
sozcu-219.jpeg;2
sozcu-22.jpeg;2
sozcu-220.jpeg;2
sozcu-222.jpeg;2
sozcu-223.jpeg;2
sozcu-225.jpeg;2
sozcu-226.jpeg;2
sozcu-227.jpeg;2
sozcu-228.jpeg;2
sozcu-229.jpeg;2
sozcu-23.jpeg;2
sozcu-230.jpeg;2
sozcu-231.jpeg;2
sozcu-232.jpeg;2
sozcu-233.jpeg;2
sozcu-234.jpeg;2
sozcu-235.jpeg;2
sozcu-236.jpeg;2
sozcu-237.jpeg;2
sozcu-238.jpeg;2
sozcu-239.jpeg;2
sozcu-24.jpeg;2
sozcu-240.jpeg;2
sozcu-241.jpeg;2
sozcu-242.jpeg;2
sozcu-243.jpeg;2
sozcu-244.jpeg;2
sozcu-245.jpeg;2
sozcu-246.jpeg;2
sozcu-247.jpeg;2
sozcu-248.jpeg;2
sozcu-249.jpeg;2
sozcu-25.jpeg;2
sozcu-250.jpeg;2
sozcu-251.jpeg;2
sozcu-252.jpeg;2
sozcu-253.jpeg;2
sozcu-254.jpeg;2
sozcu-255.jpeg;2
sozcu-256.jpeg;2
sozcu-257.jpeg;2
sozcu-258.jpeg;2
sozcu-259.jpeg;2
sozcu-260.jpeg;2
sozcu-261.jpeg;2
sozcu-262.jpeg;2
sozcu-263.jpeg;2
sozcu-264.jpeg;2
sozcu-265.jpeg;2
sozcu-266.jpeg;2
sozcu-267.jpeg;2
sozcu-268.jpeg;2
sozcu-269.jpeg;2
sozcu-27.jpeg;2
sozcu-270.jpeg;2
sozcu-271.jpeg;2
sozcu-272.jpeg;2
sozcu-273.jpeg;2
sozcu-274.jpeg;2
sozcu-275.jpeg;2
sozcu-276.jpeg;2
sozcu-277.jpeg;2
sozcu-278.jpeg;2
sozcu-279.jpeg;2
sozcu-28.jpeg;2
sozcu-280.jpeg;2
sozcu-281.jpeg;2
sozcu-282.jpeg;2
sozcu-283.jpeg;2
sozcu-284.jpeg;2
sozcu-285.jpeg;2
sozcu-286.jpeg;2
sozcu-287.jpeg;2
sozcu-288.jpeg;2
sozcu-289.jpeg;2
sozcu-29.jpeg;2
sozcu-290.jpeg;2
sozcu-291.jpeg;2
sozcu-292.jpeg;2
sozcu-293.jpeg;2
sozcu-294.jpeg;2
sozcu-295.jpeg;2
sozcu-296.jpeg;2
sozcu-297.jpeg;2
sozcu-298.jpeg;2
sozcu-299.jpeg;2
sozcu-3.jpeg;2
sozcu-30.jpeg;2
sozcu-300.jpeg;2
sozcu-301.jpeg;2
sozcu-302.jpeg;2
sozcu-303.jpeg;2
sozcu-304.jpeg;2
sozcu-305.jpeg;2
sozcu-306.jpeg;2
sozcu-307.jpeg;2
sozcu-308.jpeg;2
sozcu-309.jpeg;2
sozcu-31.jpeg;2
sozcu-311.jpeg;2
sozcu-312.jpeg;2
sozcu-313.jpeg;2
sozcu-314.jpeg;2
sozcu-315.jpeg;2
sozcu-316.jpeg;2
sozcu-317.jpeg;2
sozcu-318.jpeg;2
sozcu-319.jpeg;2
sozcu-320.jpeg;2
sozcu-322.jpeg;2
sozcu-323.jpeg;2
sozcu-324.jpeg;2
sozcu-325.jpeg;2
sozcu-326.jpeg;2
sozcu-327.jpeg;2
sozcu-328.jpeg;2
sozcu-329.jpeg;2
sozcu-330.jpeg;2
sozcu-331.jpeg;2
sozcu-332.jpeg;2
sozcu-333.jpeg;2
sozcu-335.jpeg;2
sozcu-336.jpeg;2
sozcu-338.jpeg;2
sozcu-34.jpeg;2
sozcu-35.jpeg;2
sozcu-36.jpeg;2
sozcu-37.jpeg;2
sozcu-38.jpeg;2
sozcu-39.jpeg;2
sozcu-4.jpeg;2
sozcu-40.jpeg;2
sozcu-41.jpeg;2
sozcu-42.jpeg;2
sozcu-43.jpeg;2
sozcu-44.jpeg;2
sozcu-45.jpeg;2
sozcu-46.jpeg;2
sozcu-49.jpeg;2
sozcu-5.jpeg;2
sozcu-50.jpeg;2
sozcu-51.jpeg;2
sozcu-52.jpeg;2
sozcu-53.jpeg;2
sozcu-54.jpeg;2
sozcu-55.jpeg;2
sozcu-56.jpeg;2
sozcu-57.jpeg;2
sozcu-58.jpeg;2
sozcu-59.jpeg;2
sozcu-6.jpeg;2
sozcu-60.jpeg;2
sozcu-61.jpeg;2
sozcu-62.jpeg;2
sozcu-65.jpeg;2
sozcu-66.jpeg;2
sozcu-67.jpeg;2
sozcu-68.jpeg;2
sozcu-69.jpeg;2
sozcu-7.jpeg;2
sozcu-70.jpeg;2
sozcu-71.jpeg;2
sozcu-72.jpeg;2
sozcu-73.jpeg;2
sozcu-74.jpeg;2
sozcu-75.jpeg;2
sozcu-76.jpeg;2
sozcu-77.jpeg;2
sozcu-78.jpeg;2
sozcu-79.jpeg;2
sozcu-8.jpeg;2
sozcu-80.jpeg;2
sozcu-82.jpeg;2
sozcu-83.jpeg;2
sozcu-84.jpeg;2
sozcu-85.jpeg;2
sozcu-86.jpeg;2
sozcu-87.jpeg;2
sozcu-88.jpeg;2
sozcu-89.jpeg;2
sozcu-9.jpeg;2
sozcu-91.jpeg;2
sozcu-92.jpeg;2
sozcu-93.jpeg;2
sozcu-95.jpeg;2
sozcu-97.jpeg;2
sozcu-98.jpeg;2
trendyol-0.jpeg;1
trendyol-1.jpeg;1
trendyol-10.jpeg;1
trendyol-100.jpeg;1
trendyol-1000.jpeg;1
trendyol-1001.jpeg;1
trendyol-1002.jpeg;1
trendyol-1003.jpeg;1
trendyol-1004.jpeg;1
trendyol-1005.jpeg;1
trendyol-1006.jpeg;1
trendyol-1007.jpeg;1
trendyol-101.jpeg;1
trendyol-102.jpeg;1
trendyol-103.jpeg;1
trendyol-104.jpeg;1
trendyol-105.jpeg;1
trendyol-106.jpeg;1
trendyol-107.jpeg;1
trendyol-108.jpeg;1
trendyol-109.jpeg;1
trendyol-11.jpeg;1
trendyol-110.jpeg;1
trendyol-111.jpeg;1
trendyol-112.jpeg;1
trendyol-113.jpeg;1
trendyol-114.jpeg;1
trendyol-115.jpeg;1
trendyol-116.jpeg;1
trendyol-117.jpeg;1
trendyol-118.jpeg;1
trendyol-119.jpeg;1
trendyol-12.jpeg;1
trendyol-120.jpeg;1
trendyol-121.jpeg;1
trendyol-122.jpeg;1
trendyol-123.jpeg;1
trendyol-124.jpeg;1
trendyol-125.jpeg;1
trendyol-126.jpeg;1
trendyol-127.jpeg;1
trendyol-128.jpeg;1
trendyol-129.jpeg;1
trendyol-13.jpeg;1
trendyol-130.jpeg;1
trendyol-131.jpeg;1
trendyol-132.jpeg;1
trendyol-133.jpeg;1
trendyol-134.jpeg;1
trendyol-135.jpeg;1
trendyol-136.jpeg;1
trendyol-137.jpeg;1
trendyol-138.jpeg;1
trendyol-139.jpeg;1
trendyol-14.jpeg;1
trendyol-140.jpeg;1
trendyol-141.jpeg;1
trendyol-142.jpeg;1
trendyol-143.jpeg;1
trendyol-144.jpeg;1
trendyol-145.jpeg;1
trendyol-146.jpeg;1
trendyol-147.jpeg;1
trendyol-148.jpeg;1
trendyol-149.jpeg;1
trendyol-15.jpeg;1
trendyol-150.jpeg;1
trendyol-151.jpeg;1
trendyol-152.jpeg;1
trendyol-153.jpeg;1
trendyol-154.jpeg;1
trendyol-155.jpeg;1
trendyol-156.jpeg;1
trendyol-157.jpeg;1
trendyol-158.jpeg;1
trendyol-159.jpeg;1
trendyol-16.jpeg;1
trendyol-160.jpeg;1
trendyol-161.jpeg;1
trendyol-162.jpeg;1
trendyol-163.jpeg;1
trendyol-164.jpeg;1
trendyol-165.jpeg;1
trendyol-166.jpeg;1
trendyol-167.jpeg;1
trendyol-168.jpeg;1
trendyol-169.jpeg;1
trendyol-17.jpeg;1
trendyol-170.jpeg;1
trendyol-171.jpeg;1
trendyol-172.jpeg;1
trendyol-173.jpeg;1
trendyol-174.jpeg;1
trendyol-175.jpeg;1
trendyol-176.jpeg;1
trendyol-177.jpeg;1
trendyol-178.jpeg;1
trendyol-179.jpeg;1
trendyol-18.jpeg;1
trendyol-180.jpeg;1
trendyol-181.jpeg;1
trendyol-182.jpeg;1
trendyol-183.jpeg;1
trendyol-184.jpeg;1
trendyol-185.jpeg;1
trendyol-186.jpeg;1
trendyol-187.jpeg;1
trendyol-188.jpeg;1
trendyol-189.jpeg;1
trendyol-19.jpeg;1
trendyol-190.jpeg;1
trendyol-191.jpeg;1
trendyol-192.jpeg;1
trendyol-193.jpeg;1
trendyol-194.jpeg;1
trendyol-195.jpeg;1
trendyol-196.jpeg;1
trendyol-197.jpeg;1
trendyol-198.jpeg;1
trendyol-199.jpeg;1
trendyol-2.jpeg;1
trendyol-20.jpeg;1
trendyol-200.jpeg;1
trendyol-201.jpeg;1
trendyol-202.jpeg;1
trendyol-203.jpeg;1
trendyol-204.jpeg;1
trendyol-205.jpeg;1
trendyol-206.jpeg;1
trendyol-207.jpeg;1
trendyol-208.jpeg;1
trendyol-209.jpeg;1
trendyol-21.jpeg;1
trendyol-210.jpeg;1
trendyol-211.jpeg;1
trendyol-212.jpeg;1
trendyol-213.jpeg;1
trendyol-214.jpeg;1
trendyol-215.jpeg;1
trendyol-216.jpeg;1
trendyol-217.jpeg;1
trendyol-218.jpeg;1
trendyol-219.jpeg;1
trendyol-22.jpeg;1
trendyol-220.jpeg;1
trendyol-221.jpeg;1
trendyol-222.jpeg;1
trendyol-223.jpeg;1
trendyol-224.jpeg;1
trendyol-225.jpeg;1
trendyol-226.jpeg;1
trendyol-227.jpeg;1
trendyol-228.jpeg;1
trendyol-229.jpeg;1
trendyol-23.jpeg;1
trendyol-230.jpeg;1
trendyol-231.jpeg;1
trendyol-232.jpeg;1
trendyol-233.jpeg;1
trendyol-234.jpeg;1
trendyol-235.jpeg;1
trendyol-236.jpeg;1
trendyol-237.jpeg;1
trendyol-238.jpeg;1
trendyol-239.jpeg;1
trendyol-24.jpeg;1
trendyol-240.jpeg;1
trendyol-241.jpeg;1
trendyol-242.jpeg;1
trendyol-243.jpeg;1
trendyol-244.jpeg;1
trendyol-245.jpeg;1
trendyol-246.jpeg;1
trendyol-247.jpeg;1
trendyol-248.jpeg;1
trendyol-249.jpeg;1
trendyol-25.jpeg;1
trendyol-250.jpeg;1
trendyol-251.jpeg;1
trendyol-252.jpeg;1
trendyol-253.jpeg;1
trendyol-254.jpeg;1
trendyol-255.jpeg;1
trendyol-256.jpeg;1
trendyol-257.jpeg;1
trendyol-258.jpeg;1
trendyol-259.jpeg;1
trendyol-26.jpeg;1
trendyol-260.jpeg;1
trendyol-261.jpeg;1
trendyol-262.jpeg;1
trendyol-263.jpeg;1
trendyol-264.jpeg;1
trendyol-265.jpeg;1
trendyol-266.jpeg;1
trendyol-267.jpeg;1
trendyol-268.jpeg;1
trendyol-269.jpeg;1
trendyol-27.jpeg;1
trendyol-270.jpeg;1
trendyol-271.jpeg;1
trendyol-272.jpeg;1
trendyol-273.jpeg;1
trendyol-274.jpeg;1
trendyol-275.jpeg;1
trendyol-276.jpeg;1
trendyol-277.jpeg;1
trendyol-278.jpeg;1
trendyol-279.jpeg;1
trendyol-28.jpeg;1
trendyol-280.jpeg;1
trendyol-281.jpeg;1
trendyol-282.jpeg;1
trendyol-283.jpeg;1
trendyol-284.jpeg;1
trendyol-285.jpeg;1
trendyol-286.jpeg;1
trendyol-287.jpeg;1
trendyol-288.jpeg;1
trendyol-289.jpeg;1
trendyol-29.jpeg;1
trendyol-290.jpeg;1
trendyol-291.jpeg;1
trendyol-292.jpeg;1
trendyol-293.jpeg;1
trendyol-294.jpeg;1
trendyol-295.jpeg;1
trendyol-296.jpeg;1
trendyol-297.jpeg;1
trendyol-298.jpeg;1
trendyol-299.jpeg;1
trendyol-3.jpeg;1
trendyol-30.jpeg;1
trendyol-300.jpeg;1
trendyol-301.jpeg;1
trendyol-302.jpeg;1
trendyol-303.jpeg;1
trendyol-304.jpeg;1
trendyol-305.jpeg;1
trendyol-306.jpeg;1
trendyol-307.jpeg;1
trendyol-308.jpeg;1
trendyol-309.jpeg;1
trendyol-31.jpeg;1
trendyol-310.jpeg;1
trendyol-311.jpeg;1
trendyol-312.jpeg;1
trendyol-313.jpeg;1
trendyol-314.jpeg;1
trendyol-315.jpeg;1
trendyol-316.jpeg;1
trendyol-317.jpeg;1
trendyol-318.jpeg;1
trendyol-319.jpeg;1
trendyol-32.jpeg;1
trendyol-320.jpeg;1
trendyol-321.jpeg;1
trendyol-322.jpeg;1
trendyol-323.jpeg;1
trendyol-324.jpeg;1
trendyol-325.jpeg;1
trendyol-326.jpeg;1
trendyol-327.jpeg;1
trendyol-328.jpeg;1
trendyol-329.jpeg;1
trendyol-33.jpeg;1
trendyol-330.jpeg;1
trendyol-331.jpeg;1
trendyol-332.jpeg;1
trendyol-333.jpeg;1
trendyol-334.jpeg;1
trendyol-335.jpeg;1
trendyol-336.jpeg;1
trendyol-337.jpeg;1
trendyol-338.jpeg;1
trendyol-339.jpeg;1
trendyol-34.jpeg;1
trendyol-340.jpeg;1
trendyol-341.jpeg;1
trendyol-342.jpeg;1
trendyol-343.jpeg;1
trendyol-344.jpeg;1
trendyol-345.jpeg;1
trendyol-346.jpeg;1
trendyol-347.jpeg;1
trendyol-348.jpeg;1
trendyol-349.jpeg;1
trendyol-35.jpeg;1
trendyol-350.jpeg;1
trendyol-351.jpeg;1
trendyol-352.jpeg;1
trendyol-353.jpeg;1
trendyol-354.jpeg;1
trendyol-355.jpeg;1
trendyol-356.jpeg;1
trendyol-357.jpeg;1
trendyol-358.jpeg;1
trendyol-359.jpeg;1
trendyol-36.jpeg;1
trendyol-360.jpeg;1
trendyol-361.jpeg;1
trendyol-362.jpeg;1
trendyol-363.jpeg;1
trendyol-364.jpeg;1
trendyol-365.jpeg;1
trendyol-366.jpeg;1
trendyol-367.jpeg;1
trendyol-368.jpeg;1
trendyol-369.jpeg;1
trendyol-37.jpeg;1
trendyol-370.jpeg;1
trendyol-371.jpeg;1
trendyol-372.jpeg;1
trendyol-373.jpeg;1
trendyol-374.jpeg;1
trendyol-375.jpeg;1
trendyol-376.jpeg;1
trendyol-377.jpeg;1
trendyol-378.jpeg;1
trendyol-379.jpeg;1
trendyol-38.jpeg;1
trendyol-380.jpeg;1
trendyol-381.jpeg;1
trendyol-382.jpeg;1
trendyol-383.jpeg;1
trendyol-384.jpeg;1
trendyol-385.jpeg;1
trendyol-386.jpeg;1
trendyol-387.jpeg;1
trendyol-388.jpeg;1
trendyol-389.jpeg;1
trendyol-39.jpeg;1
trendyol-390.jpeg;1
trendyol-391.jpeg;1
trendyol-392.jpeg;1
trendyol-393.jpeg;1
trendyol-394.jpeg;1
trendyol-395.jpeg;1
trendyol-396.jpeg;1
trendyol-397.jpeg;1
trendyol-398.jpeg;1
trendyol-399.jpeg;1
trendyol-4.jpeg;1
trendyol-40.jpeg;1
trendyol-400.jpeg;1
trendyol-401.jpeg;1
trendyol-402.jpeg;1
trendyol-403.jpeg;1
trendyol-404.jpeg;1
trendyol-405.jpeg;1
trendyol-406.jpeg;1
trendyol-407.jpeg;1
trendyol-408.jpeg;1
trendyol-409.jpeg;1
trendyol-41.jpeg;1
trendyol-410.jpeg;1
trendyol-411.jpeg;1
trendyol-412.jpeg;1
trendyol-413.jpeg;1
trendyol-414.jpeg;1
trendyol-415.jpeg;1
trendyol-416.jpeg;1
trendyol-417.jpeg;1
trendyol-418.jpeg;1
trendyol-419.jpeg;1
trendyol-42.jpeg;1
trendyol-420.jpeg;1
trendyol-421.jpeg;1
trendyol-422.jpeg;1
trendyol-423.jpeg;1
trendyol-424.jpeg;1
trendyol-425.jpeg;1
trendyol-426.jpeg;1
trendyol-427.jpeg;1
trendyol-428.jpeg;1
trendyol-429.jpeg;1
trendyol-43.jpeg;1
trendyol-430.jpeg;1
trendyol-431.jpeg;1
trendyol-432.jpeg;1
trendyol-433.jpeg;1
trendyol-434.jpeg;1
trendyol-435.jpeg;1
trendyol-436.jpeg;1
trendyol-437.jpeg;1
trendyol-438.jpeg;1
trendyol-439.jpeg;1
trendyol-44.jpeg;1
trendyol-440.jpeg;1
trendyol-441.jpeg;1
trendyol-442.jpeg;1
trendyol-443.jpeg;1
trendyol-444.jpeg;1
trendyol-445.jpeg;1
trendyol-446.jpeg;1
trendyol-447.jpeg;1
trendyol-448.jpeg;1
trendyol-449.jpeg;1
trendyol-45.jpeg;1
trendyol-450.jpeg;1
trendyol-451.jpeg;1
trendyol-452.jpeg;1
trendyol-453.jpeg;1
trendyol-454.jpeg;1
trendyol-455.jpeg;1
trendyol-456.jpeg;1
trendyol-457.jpeg;1
trendyol-458.jpeg;1
trendyol-459.jpeg;1
trendyol-46.jpeg;1
trendyol-460.jpeg;1
trendyol-461.jpeg;1
trendyol-462.jpeg;1
trendyol-463.jpeg;1
trendyol-464.jpeg;1
trendyol-465.jpeg;1
trendyol-466.jpeg;1
trendyol-467.jpeg;1
trendyol-468.jpeg;1
trendyol-469.jpeg;1
trendyol-47.jpeg;1
trendyol-470.jpeg;1
trendyol-471.jpeg;1
trendyol-472.jpeg;1
trendyol-473.jpeg;1
trendyol-474.jpeg;1
trendyol-475.jpeg;1
trendyol-476.jpeg;1
trendyol-477.jpeg;1
trendyol-478.jpeg;1
trendyol-479.jpeg;1
trendyol-48.jpeg;1
trendyol-480.jpeg;1
trendyol-481.jpeg;1
trendyol-482.jpeg;1
trendyol-483.jpeg;1
trendyol-484.jpeg;1
trendyol-485.jpeg;1
trendyol-486.jpeg;1
trendyol-487.jpeg;1
trendyol-488.jpeg;1
trendyol-489.jpeg;1
trendyol-49.jpeg;1
trendyol-490.jpeg;1
trendyol-491.jpeg;1
trendyol-492.jpeg;1
trendyol-493.jpeg;1
trendyol-494.jpeg;1
trendyol-495.jpeg;1
trendyol-496.jpeg;1
trendyol-497.jpeg;1
trendyol-498.jpeg;1
trendyol-499.jpeg;1
trendyol-5.jpeg;1
trendyol-50.jpeg;1
trendyol-500.jpeg;1
trendyol-501.jpeg;1
trendyol-502.jpeg;1
trendyol-503.jpeg;1
trendyol-504.jpeg;1
trendyol-505.jpeg;1
trendyol-506.jpeg;1
trendyol-507.jpeg;1
trendyol-508.jpeg;1
trendyol-509.jpeg;1
trendyol-51.jpeg;1
trendyol-510.jpeg;1
trendyol-511.jpeg;1
trendyol-512.jpeg;1
trendyol-513.jpeg;1
trendyol-514.jpeg;1
trendyol-515.jpeg;1
trendyol-516.jpeg;1
trendyol-517.jpeg;1
trendyol-518.jpeg;1
trendyol-519.jpeg;1
trendyol-52.jpeg;1
trendyol-520.jpeg;1
trendyol-521.jpeg;1
trendyol-522.jpeg;1
trendyol-523.jpeg;1
trendyol-524.jpeg;1
trendyol-525.jpeg;1
trendyol-526.jpeg;1
trendyol-527.jpeg;1
trendyol-528.jpeg;1
trendyol-529.jpeg;1
trendyol-53.jpeg;1
trendyol-530.jpeg;1
trendyol-531.jpeg;1
trendyol-532.jpeg;1
trendyol-533.jpeg;1
trendyol-534.jpeg;1
trendyol-535.jpeg;1
trendyol-536.jpeg;1
trendyol-537.jpeg;1
trendyol-538.jpeg;1
trendyol-539.jpeg;1
trendyol-54.jpeg;1
trendyol-540.jpeg;1
trendyol-541.jpeg;1
trendyol-542.jpeg;1
trendyol-543.jpeg;1
trendyol-544.jpeg;1
trendyol-545.jpeg;1
trendyol-546.jpeg;1
trendyol-547.jpeg;1
trendyol-548.jpeg;1
trendyol-549.jpeg;1
trendyol-55.jpeg;1
trendyol-550.jpeg;1
trendyol-551.jpeg;1
trendyol-552.jpeg;1
trendyol-553.jpeg;1
trendyol-554.jpeg;1
trendyol-555.jpeg;1
trendyol-556.jpeg;1
trendyol-557.jpeg;1
trendyol-558.jpeg;1
trendyol-559.jpeg;1
trendyol-56.jpeg;1
trendyol-560.jpeg;1
trendyol-561.jpeg;1
trendyol-562.jpeg;1
trendyol-563.jpeg;1
trendyol-564.jpeg;1
trendyol-565.jpeg;1
trendyol-566.jpeg;1
trendyol-567.jpeg;1
trendyol-568.jpeg;1
trendyol-569.jpeg;1
trendyol-57.jpeg;1
trendyol-570.jpeg;1
trendyol-571.jpeg;1
trendyol-572.jpeg;1
trendyol-573.jpeg;1
trendyol-574.jpeg;1
trendyol-575.jpeg;1
trendyol-576.jpeg;1
trendyol-577.jpeg;1
trendyol-578.jpeg;1
trendyol-579.jpeg;1
trendyol-58.jpeg;1
trendyol-580.jpeg;1
trendyol-581.jpeg;1
trendyol-582.jpeg;1
trendyol-583.jpeg;1
trendyol-584.jpeg;1
trendyol-585.jpeg;1
trendyol-586.jpeg;1
trendyol-587.jpeg;1
trendyol-588.jpeg;1
trendyol-589.jpeg;1
trendyol-59.jpeg;1
trendyol-590.jpeg;1
trendyol-591.jpeg;1
trendyol-592.jpeg;1
trendyol-593.jpeg;1
trendyol-594.jpeg;1
trendyol-595.jpeg;1
trendyol-596.jpeg;1
trendyol-597.jpeg;1
trendyol-598.jpeg;1
trendyol-599.jpeg;1
trendyol-6.jpeg;1
trendyol-60.jpeg;1
trendyol-600.jpeg;1
trendyol-601.jpeg;1
trendyol-602.jpeg;1
trendyol-603.jpeg;1
trendyol-604.jpeg;1
trendyol-605.jpeg;1
trendyol-606.jpeg;1
trendyol-607.jpeg;1
trendyol-608.jpeg;1
trendyol-609.jpeg;1
trendyol-61.jpeg;1
trendyol-610.jpeg;1
trendyol-611.jpeg;1
trendyol-612.jpeg;1
trendyol-613.jpeg;1
trendyol-614.jpeg;1
trendyol-615.jpeg;1
trendyol-616.jpeg;1
trendyol-617.jpeg;1
trendyol-618.jpeg;1
trendyol-619.jpeg;1
trendyol-62.jpeg;1
trendyol-620.jpeg;1
trendyol-621.jpeg;1
trendyol-622.jpeg;1
trendyol-623.jpeg;1
trendyol-624.jpeg;1
trendyol-625.jpeg;1
trendyol-626.jpeg;1
trendyol-627.jpeg;1
trendyol-628.jpeg;1
trendyol-629.jpeg;1
trendyol-63.jpeg;1
trendyol-630.jpeg;1
trendyol-631.jpeg;1
trendyol-632.jpeg;1
trendyol-633.jpeg;1
trendyol-634.jpeg;1
trendyol-635.jpeg;1
trendyol-636.jpeg;1
trendyol-637.jpeg;1
trendyol-638.jpeg;1
trendyol-639.jpeg;1
trendyol-64.jpeg;1
trendyol-640.jpeg;1
trendyol-641.jpeg;1
trendyol-642.jpeg;1
trendyol-643.jpeg;1
trendyol-644.jpeg;1
trendyol-645.jpeg;1
trendyol-646.jpeg;1
trendyol-647.jpeg;1
trendyol-648.jpeg;1
trendyol-649.jpeg;1
trendyol-65.jpeg;1
trendyol-650.jpeg;1
trendyol-651.jpeg;1
trendyol-652.jpeg;1
trendyol-653.jpeg;1
trendyol-654.jpeg;1
trendyol-655.jpeg;1
trendyol-656.jpeg;1
trendyol-657.jpeg;1
trendyol-658.jpeg;1
trendyol-659.jpeg;1
trendyol-66.jpeg;1
trendyol-660.jpeg;1
trendyol-661.jpeg;1
trendyol-662.jpeg;1
trendyol-663.jpeg;1
trendyol-664.jpeg;1
trendyol-665.jpeg;1
trendyol-666.jpeg;1
trendyol-667.jpeg;1
trendyol-668.jpeg;1
trendyol-669.jpeg;1
trendyol-67.jpeg;1
trendyol-670.jpeg;1
trendyol-671.jpeg;1
trendyol-672.jpeg;1
trendyol-673.jpeg;1
trendyol-674.jpeg;1
trendyol-675.jpeg;1
trendyol-676.jpeg;1
trendyol-677.jpeg;1
trendyol-678.jpeg;1
trendyol-679.jpeg;1
trendyol-68.jpeg;1
trendyol-680.jpeg;1
trendyol-681.jpeg;1
trendyol-682.jpeg;1
trendyol-683.jpeg;1
trendyol-684.jpeg;1
trendyol-685.jpeg;1
trendyol-686.jpeg;1
trendyol-687.jpeg;1
trendyol-688.jpeg;1
trendyol-689.jpeg;1
trendyol-69.jpeg;1
trendyol-690.jpeg;1
trendyol-691.jpeg;1
trendyol-692.jpeg;1
trendyol-693.jpeg;1
trendyol-694.jpeg;1
trendyol-695.jpeg;1
trendyol-696.jpeg;1
trendyol-697.jpeg;1
trendyol-698.jpeg;1
trendyol-699.jpeg;1
trendyol-7.jpeg;1
trendyol-70.jpeg;1
trendyol-700.jpeg;1
trendyol-701.jpeg;1
trendyol-702.jpeg;1
trendyol-703.jpeg;1
trendyol-704.jpeg;1
trendyol-705.jpeg;1
trendyol-706.jpeg;1
trendyol-707.jpeg;1
trendyol-708.jpeg;1
trendyol-709.jpeg;1
trendyol-71.jpeg;1
trendyol-710.jpeg;1
trendyol-711.jpeg;1
trendyol-712.jpeg;1
trendyol-713.jpeg;1
trendyol-714.jpeg;1
trendyol-715.jpeg;1
trendyol-716.jpeg;1
trendyol-717.jpeg;1
trendyol-718.jpeg;1
trendyol-719.jpeg;1
trendyol-72.jpeg;1
trendyol-720.jpeg;1
trendyol-721.jpeg;1
trendyol-722.jpeg;1
trendyol-723.jpeg;1
trendyol-724.jpeg;1
trendyol-725.jpeg;1
trendyol-726.jpeg;1
trendyol-727.jpeg;1
trendyol-728.jpeg;1
trendyol-729.jpeg;1
trendyol-73.jpeg;1
trendyol-730.jpeg;1
trendyol-731.jpeg;1
trendyol-732.jpeg;1
trendyol-733.jpeg;1
trendyol-734.jpeg;1
trendyol-735.jpeg;1
trendyol-736.jpeg;1
trendyol-737.jpeg;1
trendyol-738.jpeg;1
trendyol-739.jpeg;1
trendyol-74.jpeg;1
trendyol-740.jpeg;1
trendyol-741.jpeg;1
trendyol-742.jpeg;1
trendyol-743.jpeg;1
trendyol-744.jpeg;1
trendyol-745.jpeg;1
trendyol-746.jpeg;1
trendyol-747.jpeg;1
trendyol-748.jpeg;1
trendyol-749.jpeg;1
trendyol-75.jpeg;1
trendyol-750.jpeg;1
trendyol-751.jpeg;1
trendyol-752.jpeg;1
trendyol-753.jpeg;1
trendyol-754.jpeg;1
trendyol-755.jpeg;1
trendyol-756.jpeg;1
trendyol-757.jpeg;1
trendyol-758.jpeg;1
trendyol-759.jpeg;1
trendyol-76.jpeg;1
trendyol-760.jpeg;1
trendyol-761.jpeg;1
trendyol-762.jpeg;1
trendyol-763.jpeg;1
trendyol-764.jpeg;1
trendyol-765.jpeg;1
trendyol-766.jpeg;1
trendyol-767.jpeg;1
trendyol-768.jpeg;1
trendyol-769.jpeg;1
trendyol-77.jpeg;1
trendyol-770.jpeg;1
trendyol-771.jpeg;1
trendyol-772.jpeg;1
trendyol-773.jpeg;1
trendyol-774.jpeg;1
trendyol-775.jpeg;1
trendyol-776.jpeg;1
trendyol-777.jpeg;1
trendyol-778.jpeg;1
trendyol-779.jpeg;1
trendyol-78.jpeg;1
trendyol-780.jpeg;1
trendyol-781.jpeg;1
trendyol-782.jpeg;1
trendyol-783.jpeg;1
trendyol-784.jpeg;1
trendyol-785.jpeg;1
trendyol-786.jpeg;1
trendyol-787.jpeg;1
trendyol-788.jpeg;1
trendyol-789.jpeg;1
trendyol-79.jpeg;1
trendyol-790.jpeg;1
trendyol-791.jpeg;1
trendyol-792.jpeg;1
trendyol-793.jpeg;1
trendyol-794.jpeg;1
trendyol-795.jpeg;1
trendyol-796.jpeg;1
trendyol-797.jpeg;1
trendyol-798.jpeg;1
trendyol-799.jpeg;1
trendyol-8.jpeg;1
trendyol-80.jpeg;1
trendyol-800.jpeg;1
trendyol-801.jpeg;1
trendyol-802.jpeg;1
trendyol-803.jpeg;1
trendyol-804.jpeg;1
trendyol-805.jpeg;1
trendyol-806.jpeg;1
trendyol-807.jpeg;1
trendyol-808.jpeg;1
trendyol-809.jpeg;1
trendyol-81.jpeg;1
trendyol-810.jpeg;1
trendyol-811.jpeg;1
trendyol-812.jpeg;1
trendyol-813.jpeg;1
trendyol-814.jpeg;1
trendyol-815.jpeg;1
trendyol-816.jpeg;1
trendyol-817.jpeg;1
trendyol-818.jpeg;1
trendyol-819.jpeg;1
trendyol-82.jpeg;1
trendyol-820.jpeg;1
trendyol-821.jpeg;1
trendyol-822.jpeg;1
trendyol-823.jpeg;1
trendyol-824.jpeg;1
trendyol-825.jpeg;1
trendyol-826.jpeg;1
trendyol-827.jpeg;1
trendyol-828.jpeg;1
trendyol-829.jpeg;1
trendyol-83.jpeg;1
trendyol-830.jpeg;1
trendyol-831.jpeg;1
trendyol-832.jpeg;1
trendyol-833.jpeg;1
trendyol-834.jpeg;1
trendyol-835.jpeg;1
trendyol-836.jpeg;1
trendyol-837.jpeg;1
trendyol-838.jpeg;1
trendyol-839.jpeg;1
trendyol-84.jpeg;1
trendyol-840.jpeg;1
trendyol-841.jpeg;1
trendyol-842.jpeg;1
trendyol-843.jpeg;1
trendyol-844.jpeg;1
trendyol-845.jpeg;1
trendyol-846.jpeg;1
trendyol-847.jpeg;1
trendyol-848.jpeg;1
trendyol-849.jpeg;1
trendyol-85.jpeg;1
trendyol-850.jpeg;1
trendyol-851.jpeg;1
trendyol-852.jpeg;1
trendyol-853.jpeg;1
trendyol-854.jpeg;1
trendyol-855.jpeg;1
trendyol-856.jpeg;1
trendyol-857.jpeg;1
trendyol-858.jpeg;1
trendyol-859.jpeg;1
trendyol-86.jpeg;1
trendyol-860.jpeg;1
trendyol-861.jpeg;1
trendyol-862.jpeg;1
trendyol-863.jpeg;1
trendyol-864.jpeg;1
trendyol-865.jpeg;1
trendyol-866.jpeg;1
trendyol-867.jpeg;1
trendyol-868.jpeg;1
trendyol-869.jpeg;1
trendyol-87.jpeg;1
trendyol-870.jpeg;1
trendyol-871.jpeg;1
trendyol-872.jpeg;1
trendyol-873.jpeg;1
trendyol-874.jpeg;1
trendyol-875.jpeg;1
trendyol-876.jpeg;1
trendyol-877.jpeg;1
trendyol-878.jpeg;1
trendyol-879.jpeg;1
trendyol-88.jpeg;1
trendyol-880.jpeg;1
trendyol-881.jpeg;1
trendyol-882.jpeg;1
trendyol-883.jpeg;1
trendyol-884.jpeg;1
trendyol-885.jpeg;1
trendyol-888.jpeg;1
trendyol-889.jpeg;1
trendyol-89.jpeg;1
trendyol-890.jpeg;1
trendyol-891.jpeg;1
trendyol-892.jpeg;1
trendyol-893.jpeg;1
trendyol-894.jpeg;1
trendyol-895.jpeg;1
trendyol-896.jpeg;1
trendyol-897.jpeg;1
trendyol-898.jpeg;1
trendyol-899.jpeg;1
trendyol-9.jpeg;1
trendyol-90.jpeg;1
trendyol-900.jpeg;1
trendyol-901.jpeg;1
trendyol-902.jpeg;1
trendyol-903.jpeg;1
trendyol-904.jpeg;1
trendyol-905.jpeg;1
trendyol-906.jpeg;1
trendyol-907.jpeg;1
trendyol-908.jpeg;1
trendyol-909.jpeg;1
trendyol-91.jpeg;1
trendyol-910.jpeg;1
trendyol-911.jpeg;1
trendyol-912.jpeg;1
trendyol-913.jpeg;1
trendyol-914.jpeg;1
trendyol-915.jpeg;1
trendyol-916.jpeg;1
trendyol-917.jpeg;1
trendyol-918.jpeg;1
trendyol-919.jpeg;1
trendyol-92.jpeg;1
trendyol-920.jpeg;1
trendyol-921.jpeg;1
trendyol-922.jpeg;1
trendyol-923.jpeg;1
trendyol-924.jpeg;1
trendyol-925.jpeg;1
trendyol-926.jpeg;1
trendyol-927.jpeg;1
trendyol-928.jpeg;1
trendyol-929.jpeg;1
trendyol-93.jpeg;1
trendyol-930.jpeg;1
trendyol-931.jpeg;1
trendyol-932.jpeg;1
trendyol-933.jpeg;1
trendyol-934.jpeg;1
trendyol-935.jpeg;1
trendyol-936.jpeg;1
trendyol-937.jpeg;1
trendyol-938.jpeg;1
trendyol-939.jpeg;1
trendyol-94.jpeg;1
trendyol-940.jpeg;1
trendyol-941.jpeg;1
trendyol-942.jpeg;1
trendyol-943.jpeg;1
trendyol-944.jpeg;1
trendyol-945.jpeg;1
trendyol-946.jpeg;1
trendyol-947.jpeg;1
trendyol-948.jpeg;1
trendyol-949.jpeg;1
trendyol-95.jpeg;1
trendyol-950.jpeg;1
trendyol-951.jpeg;1
trendyol-952.jpeg;1
trendyol-953.jpeg;1
trendyol-954.jpeg;1
trendyol-955.jpeg;1
trendyol-956.jpeg;1
trendyol-957.jpeg;1
trendyol-958.jpeg;1
trendyol-959.jpeg;1
trendyol-96.jpeg;1
trendyol-960.jpeg;1
trendyol-961.jpeg;1
trendyol-962.jpeg;1
trendyol-963.jpeg;1
trendyol-964.jpeg;1
trendyol-965.jpeg;1
trendyol-966.jpeg;1
trendyol-967.jpeg;1
trendyol-968.jpeg;1
trendyol-969.jpeg;1
trendyol-97.jpeg;1
trendyol-970.jpeg;1
trendyol-971.jpeg;1
trendyol-972.jpeg;1
trendyol-973.jpeg;1
trendyol-974.jpeg;1
trendyol-975.jpeg;1
trendyol-976.jpeg;1
trendyol-977.jpeg;1
trendyol-978.jpeg;1
trendyol-979.jpeg;1
trendyol-98.jpeg;1
trendyol-980.jpeg;1
trendyol-981.jpeg;1
trendyol-982.jpeg;1
trendyol-983.jpeg;1
trendyol-984.jpeg;1
trendyol-985.jpeg;1
trendyol-986.jpeg;1
trendyol-987.jpeg;1
trendyol-988.jpeg;1
trendyol-989.jpeg;1
trendyol-99.jpeg;1
trendyol-990.jpeg;1
trendyol-991.jpeg;1
trendyol-992.jpeg;1
trendyol-993.jpeg;1
trendyol-994.jpeg;1
trendyol-995.jpeg;1
trendyol-996.jpeg;1
trendyol-997.jpeg;1
trendyol-998.jpeg;1
trendyol-999.jpeg;1
